source,platform,task_title,description,url,country,language,currency,payment_type,reward,estimated_hours,required_skills,execution_probability,payment_probability,receipt_probability,competition_score,expected_roi,repeatability,requires_human_action,status,discovered_at,last_checked,discovery_score,promotion_score,promotion_status,promotion_reason,canonical_key,organization,repository_name,issue_number,source_url
GitHub,GitHub,Feedback Wanted - help test the v3 Release Candidate!,https://github.com/Boeing/config-file-validator/issues/551,https://github.com/Boeing/config-file-validator/issues/551,global,unknown,unknown,unknown,,,,,,,,,,true,discovered,2026-07-17T19:43:31.867143+00:00,2026-07-17T19:43:31.867143+00:00,,,,,github:boeing/config-file-validator#551,Boeing,config-file-validator,551,https://github.com/Boeing/config-file-validator/issues/551
GitHub,GitHub,Add reusable Copy Code button component (copy-code-btn-hr18),https://github.com/SAPTARSHI-coder/EaseMotion-css/pull/49461,https://github.com/SAPTARSHI-coder/EaseMotion-css/pull/49461,global,unknown,unknown,unknown,,,,,,,,,,true,discovered,2026-07-17T19:43:31.867143+00:00,2026-07-17T19:43:31.867143+00:00,,,,,github:saptarshi-coder/easemotion-css#49461,SAPTARSHI-coder,EaseMotion-css,49461,https://github.com/SAPTARSHI-coder/EaseMotion-css/pull/49461
GitHub,GitHub,feat: add ease-robotics-dashboard submission,https://github.com/SAPTARSHI-coder/EaseMotion-css/pull/49460,https://github.com/SAPTARSHI-coder/EaseMotion-css/pull/49460,global,unknown,unknown,unknown,,,,,,,,,,true,discovered,2026-07-17T19:43:31.867143+00:00,2026-07-17T19:43:31.867143+00:00,,,,,github:saptarshi-coder/easemotion-css#49460,SAPTARSHI-coder,EaseMotion-css,49460,https://github.com/SAPTARSHI-coder/EaseMotion-css/pull/49460
GitHub,GitHub,"[Bug]: Media error when selecting some playlist in ""Add Media"" menu",https://github.com/isyuricunha/yumusic-garmin-music-app/issues/21,https://github.com/isyuricunha/yumusic-garmin-music-app/issues/21,global,unknown,unknown,unknown,,,,,,,,,,true,discovered,2026-07-17T19:43:31.867143+00:00,2026-07-17T19:43:31.867143+00:00,,,,,github:isyuricunha/yumusic-garmin-music-app#21,isyuricunha,yumusic-garmin-music-app,21,https://github.com/isyuricunha/yumusic-garmin-music-app/issues/21
GitHub,GitHub,[help],https://github.com/codevoyager-ai-dev/codevoyager-ai-dev/issues/2,https://github.com/codevoyager-ai-dev/codevoyager-ai-dev/issues/2,global,unknown,unknown,unknown,,,,,,,,,,true,discovered,2026-07-17T19:43:31.867143+00:00,2026-07-17T19:43:31.867143+00:00,,,,,github:codevoyager-ai-dev/codevoyager-ai-dev#2,codevoyager-ai-dev,codevoyager-ai-dev,2,https://github.com/codevoyager-ai-dev/codevoyager-ai-dev/issues/2
GitHub,GitHub,Add Next.js App Router import placement pitfalls guide (ease-nextjs-i…,https://github.com/SAPTARSHI-coder/EaseMotion-css/pull/49459,https://github.com/SAPTARSHI-coder/EaseMotion-css/pull/49459,global,unknown,unknown,unknown,,,,,,,,,,true,discovered,2026-07-17T19:43:31.867143+00:00,2026-07-17T19:43:31.867143+00:00,,,,,github:saptarshi-coder/easemotion-css#49459,SAPTARSHI-coder,EaseMotion-css,49459,https://github.com/SAPTARSHI-coder/EaseMotion-css/pull/49459
GitHub,GitHub,[Good First Issue] 🗻 Add new Japan Fact 235 - Beginner-Friendly Open-source Contribution,https://github.com/lingdojo/kana-dojo/issues/24953,https://github.com/lingdojo/kana-dojo/issues/24953,global,unknown,unknown,unknown,,,,,,,,,,true,discovered,2026-07-17T19:43:31.867143+00:00,2026-07-17T19:43:31.867143+00:00,,,,,github:lingdojo/kana-dojo#24953,lingdojo,kana-dojo,24953,https://github.com/lingdojo/kana-dojo/issues/24953
GitHub,GitHub,Icon and Bind test on macOS/Linux,https://github.com/FedericoSpada/Custom2kinter/issues/18,https://github.com/FedericoSpada/Custom2kinter/issues/18,global,unknown,unknown,unknown,,,,,,,,,,true,discovered,2026-07-17T19:43:31.867143+00:00,2026-07-17T19:43:31.867143+00:00,,,,,github:federicospada/custom2kinter#18,FedericoSpada,Custom2kinter,18,https://github.com/FedericoSpada/Custom2kinter/issues/18
GitHub,GitHub,feat: add ease-robot-arm-simulator submission,https://github.com/SAPTARSHI-coder/EaseMotion-css/pull/49458,https://github.com/SAPTARSHI-coder/EaseMotion-css/pull/49458,global,unknown,unknown,unknown,,,,,,,,,,true,discovered,2026-07-17T19:43:31.867143+00:00,2026-07-17T19:43:31.867143+00:00,,,,,github:saptarshi-coder/easemotion-css#49458,SAPTARSHI-coder,EaseMotion-css,49458,https://github.com/SAPTARSHI-coder/EaseMotion-css/pull/49458
GitHub,GitHub,fix(theme): support custom spacing for 4.5 to size history avatars,https://github.com/Sanket-103-pvt/Git-Stats/pull/105,https://github.com/Sanket-103-pvt/Git-Stats/pull/105,global,unknown,unknown,unknown,,,,,,,,,,true,discovered,2026-07-17T19:43:31.867143+00:00,2026-07-17T19:43:31.867143+00:00,,,,,github:sanket-103-pvt/git-stats#105,Sanket-103-pvt,Git-Stats,105,https://github.com/Sanket-103-pvt/Git-Stats/pull/105
GitHub,GitHub,Improve discoverability of assigning and creating environments from the Connections table,https://github.com/meshery/meshery/issues/20761,https://github.com/meshery/meshery/issues/20761,global,unknown,unknown,unknown,,,,,,,,,,true,discovered,2026-07-17T19:43:31.867143+00:00,2026-07-17T19:43:31.867143+00:00,,,,,github:meshery/meshery#20761,meshery,meshery,20761,https://github.com/meshery/meshery/issues/20761
GitHub,GitHub,Implement PowerPoint support (OfficeAgent.PowerPoint),https://github.com/ilia-sokolov/OfficeAgent.NET/issues/6,https://github.com/ilia-sokolov/OfficeAgent.NET/issues/6,global,unknown,unknown,unknown,,,,,,,,,,true,discovered,2026-07-17T19:43:31.867143+00:00,2026-07-17T19:43:31.867143+00:00,,,,,github:ilia-sokolov/officeagent.net#6,ilia-sokolov,OfficeAgent.NET,6,https://github.com/ilia-sokolov/OfficeAgent.NET/issues/6
GitHub,GitHub,Implement Excel format support (OfficeAgent.Excel),https://github.com/ilia-sokolov/OfficeAgent.NET/issues/5,https://github.com/ilia-sokolov/OfficeAgent.NET/issues/5,global,unknown,unknown,unknown,,,,,,,,,,true,discovered,2026-07-17T19:43:31.867143+00:00,2026-07-17T19:43:31.867143+00:00,,,,,github:ilia-sokolov/officeagent.net#5,ilia-sokolov,OfficeAgent.NET,5,https://github.com/ilia-sokolov/OfficeAgent.NET/issues/5
GitHub,GitHub,Add a CLI regression test for WordPress post planning dispatch,https://github.com/yoldaolmak/Pictovap/issues/29,https://github.com/yoldaolmak/Pictovap/issues/29,global,unknown,unknown,unknown,,,,,,,,,,true,discovered,2026-07-17T19:43:31.867143+00:00,2026-07-17T19:43:31.867143+00:00,,,,,github:yoldaolmak/pictovap#29,yoldaolmak,Pictovap,29,https://github.com/yoldaolmak/Pictovap/issues/29
GitHub,GitHub,Add a WordPress Gutenberg planning example profile and walkthrough,https://github.com/yoldaolmak/Pictovap/issues/28,https://github.com/yoldaolmak/Pictovap/issues/28,global,unknown,unknown,unknown,,,,,,,,,,true,discovered,2026-07-17T19:43:31.867143+00:00,2026-07-17T19:43:31.867143+00:00,,,,,github:yoldaolmak/pictovap#28,yoldaolmak,Pictovap,28,https://github.com/yoldaolmak/Pictovap/issues/28
GitHub,GitHub,Return actionable WordPress read errors when a Gutenberg post cannot be fetched,https://github.com/yoldaolmak/Pictovap/issues/27,https://github.com/yoldaolmak/Pictovap/issues/27,global,unknown,unknown,unknown,,,,,,,,,,true,discovered,2026-07-17T19:43:31.867143+00:00,2026-07-17T19:43:31.867143+00:00,,,,,github:yoldaolmak/pictovap#27,yoldaolmak,Pictovap,27,https://github.com/yoldaolmak/Pictovap/issues/27
GitHub,GitHub,Define and test WordPress planning behaviour for posts without H2 headings,https://github.com/yoldaolmak/Pictovap/issues/26,https://github.com/yoldaolmak/Pictovap/issues/26,global,unknown,unknown,unknown,,,,,,,,,,true,discovered,2026-07-17T19:43:31.867143+00:00,2026-07-17T19:43:31.867143+00:00,,,,,github:yoldaolmak/pictovap#26,yoldaolmak,Pictovap,26,https://github.com/yoldaolmak/Pictovap/issues/26
GitHub,GitHub,Preserve inline-formatted Gutenberg heading text in placement targets,https://github.com/yoldaolmak/Pictovap/issues/25,https://github.com/yoldaolmak/Pictovap/issues/25,global,unknown,unknown,unknown,,,,,,,,,,true,discovered,2026-07-17T19:43:31.867143+00:00,2026-07-17T19:43:31.867143+00:00,,,,,github:yoldaolmak/pictovap#25,yoldaolmak,Pictovap,25,https://github.com/yoldaolmak/Pictovap/issues/25
GitHub,GitHub,Add a realistic Gutenberg blocks fixture for VisualBrief regression tests,https://github.com/yoldaolmak/Pictovap/issues/24,https://github.com/yoldaolmak/Pictovap/issues/24,global,unknown,unknown,unknown,,,,,,,,,,true,discovered,2026-07-17T19:43:31.867143+00:00,2026-07-17T19:43:31.867143+00:00,,,,,github:yoldaolmak/pictovap#24,yoldaolmak,Pictovap,24,https://github.com/yoldaolmak/Pictovap/issues/24
GitHub,GitHub,feat: add CSS Staggered Entrance Tooltip for Neumorphic Soft Layouts …,https://github.com/SAPTARSHI-coder/EaseMotion-css/pull/49457,https://github.com/SAPTARSHI-coder/EaseMotion-css/pull/49457,global,unknown,unknown,unknown,,,,,,,,,,true,discovered,2026-07-17T19:43:31.867143+00:00,2026-07-17T19:43:31.867143+00:00,,,,,github:saptarshi-coder/easemotion-css#49457,SAPTARSHI-coder,EaseMotion-css,49457,https://github.com/SAPTARSHI-coder/EaseMotion-css/pull/49457
GitHub,GitHub,feat: add 3d perspective tilt tooltip submission,https://github.com/SAPTARSHI-coder/EaseMotion-css/pull/49456,https://github.com/SAPTARSHI-coder/EaseMotion-css/pull/49456,global,unknown,unknown,unknown,,,,,,,,,,true,discovered,2026-07-17T19:43:31.867143+00:00,2026-07-17T19:43:31.867143+00:00,,,,,github:saptarshi-coder/easemotion-css#49456,SAPTARSHI-coder,EaseMotion-css,49456,https://github.com/SAPTARSHI-coder/EaseMotion-css/pull/49456
GitHub,GitHub,[Good First Issue] 🪭 Add new Theme: Wasabi Punch - Beginner-Friendly Open-source Contribution,https://github.com/lingdojo/kana-dojo/issues/24952,https://github.com/lingdojo/kana-dojo/issues/24952,global,unknown,unknown,unknown,,,,,,,,,,true,discovered,2026-07-17T19:43:31.867143+00:00,2026-07-17T19:43:31.867143+00:00,,,,,github:lingdojo/kana-dojo#24952,lingdojo,kana-dojo,24952,https://github.com/lingdojo/kana-dojo/issues/24952
GitHub,GitHub,Support radio-group and dropdown signer field types,https://github.com/LiftedHoldings/lifted-sign/issues/23,https://github.com/LiftedHoldings/lifted-sign/issues/23,global,unknown,unknown,unknown,,,,,,,,,,true,discovered,2026-07-17T19:43:31.867143+00:00,2026-07-17T19:43:31.867143+00:00,,,,,github:liftedholdings/lifted-sign#23,LiftedHoldings,lifted-sign,23,https://github.com/LiftedHoldings/lifted-sign/issues/23
GitHub,GitHub,Add a machine-readable (JSON) audit-trail export endpoint,https://github.com/LiftedHoldings/lifted-sign/issues/22,https://github.com/LiftedHoldings/lifted-sign/issues/22,global,unknown,unknown,unknown,,,,,,,,,,true,discovered,2026-07-17T19:43:31.867143+00:00,2026-07-17T19:43:31.867143+00:00,,,,,github:liftedholdings/lifted-sign#22,LiftedHoldings,lifted-sign,22,https://github.com/LiftedHoldings/lifted-sign/issues/22
GitHub,GitHub,Docs: add a troubleshooting / first-run FAQ page,https://github.com/LiftedHoldings/lifted-sign/issues/21,https://github.com/LiftedHoldings/lifted-sign/issues/21,global,unknown,unknown,unknown,,,,,,,,,,true,discovered,2026-07-17T19:43:31.867143+00:00,2026-07-17T19:43:31.867143+00:00,,,,,github:liftedholdings/lifted-sign#21,LiftedHoldings,lifted-sign,21,https://github.com/LiftedHoldings/lifted-sign/issues/21
GitHub,GitHub,SDKs: add methods for the webhook + template management endpoints,https://github.com/LiftedHoldings/lifted-sign/issues/19,https://github.com/LiftedHoldings/lifted-sign/issues/19,global,unknown,unknown,unknown,,,,,,,,,,true,discovered,2026-07-17T19:43:31.867143+00:00,2026-07-17T19:43:31.867143+00:00,,,,,github:liftedholdings/lifted-sign#19,LiftedHoldings,lifted-sign,19,https://github.com/LiftedHoldings/lifted-sign/issues/19
GitHub,GitHub,SDKs: retry with backoff on 429 / transient 5xx,https://github.com/LiftedHoldings/lifted-sign/issues/18,https://github.com/LiftedHoldings/lifted-sign/issues/18,global,unknown,unknown,unknown,,,,,,,,,,true,discovered,2026-07-17T19:43:31.867143+00:00,2026-07-17T19:43:31.867143+00:00,,,,,github:liftedholdings/lifted-sign#18,LiftedHoldings,lifted-sign,18,https://github.com/LiftedHoldings/lifted-sign/issues/18
GitHub,GitHub,SDKs: add a webhook signature-verification helper,https://github.com/LiftedHoldings/lifted-sign/issues/17,https://github.com/LiftedHoldings/lifted-sign/issues/17,global,unknown,unknown,unknown,,,,,,,,,,true,discovered,2026-07-17T19:43:31.867143+00:00,2026-07-17T19:43:31.867143+00:00,,,,,github:liftedholdings/lifted-sign#17,LiftedHoldings,lifted-sign,17,https://github.com/LiftedHoldings/lifted-sign/issues/17
GitHub,GitHub,feat: add CSS Spring Physics Tooltip for Cyberpunk Neon Layouts #46290,https://github.com/SAPTARSHI-coder/EaseMotion-css/pull/49455,https://github.com/SAPTARSHI-coder/EaseMotion-css/pull/49455,global,unknown,unknown,unknown,,,,,,,,,,true,discovered,2026-07-17T19:43:31.868143+00:00,2026-07-17T19:43:31.868143+00:00,,,,,github:saptarshi-coder/easemotion-css#49455,SAPTARSHI-coder,EaseMotion-css,49455,https://github.com/SAPTARSHI-coder/EaseMotion-css/pull/49455
GitHub,GitHub,Add repeatable Azure Container Apps deployment,https://github.com/ilia-sokolov/OfficeAgent.NET/issues/4,https://github.com/ilia-sokolov/OfficeAgent.NET/issues/4,global,unknown,unknown,unknown,,,,,,,,,,true,discovered,2026-07-17T19:43:31.868143+00:00,2026-07-17T19:43:31.868143+00:00,,,,,github:ilia-sokolov/officeagent.net#4,ilia-sokolov,OfficeAgent.NET,4,https://github.com/ilia-sokolov/OfficeAgent.NET/issues/4
GitHub,GitHub,Feedback Wanted - help test the v3 Release Candidate!,https://github.com/Boeing/config-file-validator/issues/551,https://github.com/Boeing/config-file-validator/issues/551,global,unknown,unknown,unknown,,,,,,,,,,true,discovered,2026-07-17T19:43:32.513030+00:00,2026-07-17T19:43:32.513030+00:00,,,,,github:boeing/config-file-validator#551,Boeing,config-file-validator,551,https://github.com/Boeing/config-file-validator/issues/551
GitHub,GitHub,Add reusable Copy Code button component (copy-code-btn-hr18),https://github.com/SAPTARSHI-coder/EaseMotion-css/pull/49461,https://github.com/SAPTARSHI-coder/EaseMotion-css/pull/49461,global,unknown,unknown,unknown,,,,,,,,,,true,discovered,2026-07-17T19:43:32.513030+00:00,2026-07-17T19:43:32.513030+00:00,,,,,github:saptarshi-coder/easemotion-css#49461,SAPTARSHI-coder,EaseMotion-css,49461,https://github.com/SAPTARSHI-coder/EaseMotion-css/pull/49461
GitHub,GitHub,feat: add ease-robotics-dashboard submission,https://github.com/SAPTARSHI-coder/EaseMotion-css/pull/49460,https://github.com/SAPTARSHI-coder/EaseMotion-css/pull/49460,global,unknown,unknown,unknown,,,,,,,,,,true,discovered,2026-07-17T19:43:32.513030+00:00,2026-07-17T19:43:32.513030+00:00,,,,,github:saptarshi-coder/easemotion-css#49460,SAPTARSHI-coder,EaseMotion-css,49460,https://github.com/SAPTARSHI-coder/EaseMotion-css/pull/49460
GitHub,GitHub,fix(i18n): localize medicine schedule subpages (Fixes #2911),https://github.com/RatLoopz/sahidawa-india/pull/3717,https://github.com/RatLoopz/sahidawa-india/pull/3717,global,unknown,unknown,unknown,,,,,,,,,,true,discovered,2026-07-17T19:43:32.513030+00:00,2026-07-17T19:43:32.513030+00:00,,,,,github:ratloopz/sahidawa-india#3717,RatLoopz,sahidawa-india,3717,https://github.com/RatLoopz/sahidawa-india/pull/3717
GitHub,GitHub,perf: parallelize `probe_batch` / `probe_batch_cached` with Rayon,https://github.com/d-o-hub/chaotic_semantic_memory/issues/522,https://github.com/d-o-hub/chaotic_semantic_memory/issues/522,global,unknown,unknown,unknown,,,,,,,,,,true,discovered,2026-07-17T19:43:32.513030+00:00,2026-07-17T19:43:32.513030+00:00,,,,,github:d-o-hub/chaotic_semantic_memory#522,d-o-hub,chaotic_semantic_memory,522,https://github.com/d-o-hub/chaotic_semantic_memory/issues/522
GitHub,GitHub,Add Next.js App Router import placement pitfalls guide (ease-nextjs-i…,https://github.com/SAPTARSHI-coder/EaseMotion-css/pull/49459,https://github.com/SAPTARSHI-coder/EaseMotion-css/pull/49459,global,unknown,unknown,unknown,,,,,,,,,,true,discovered,2026-07-17T19:43:32.513030+00:00,2026-07-17T19:43:32.513030+00:00,,,,,github:saptarshi-coder/easemotion-css#49459,SAPTARSHI-coder,EaseMotion-css,49459,https://github.com/SAPTARSHI-coder/EaseMotion-css/pull/49459
GitHub,GitHub,[Good First Issue] 🗻 Add new Japan Fact 235 - Beginner-Friendly Open-source Contribution,https://github.com/lingdojo/kana-dojo/issues/24953,https://github.com/lingdojo/kana-dojo/issues/24953,global,unknown,unknown,unknown,,,,,,,,,,true,discovered,2026-07-17T19:43:32.513030+00:00,2026-07-17T19:43:32.513030+00:00,,,,,github:lingdojo/kana-dojo#24953,lingdojo,kana-dojo,24953,https://github.com/lingdojo/kana-dojo/issues/24953
GitHub,GitHub,Tag/label tasks by repo or project and filter spend reports,https://github.com/voly-codes/voly/issues/9,https://github.com/voly-codes/voly/issues/9,global,unknown,unknown,unknown,,,,,,,,,,true,discovered,2026-07-17T19:43:32.513030+00:00,2026-07-17T19:43:32.513030+00:00,,,,,github:voly-codes/voly#9,voly-codes,voly,9,https://github.com/voly-codes/voly/issues/9
GitHub,GitHub,feat: add ease-robot-arm-simulator submission,https://github.com/SAPTARSHI-coder/EaseMotion-css/pull/49458,https://github.com/SAPTARSHI-coder/EaseMotion-css/pull/49458,global,unknown,unknown,unknown,,,,,,,,,,true,discovered,2026-07-17T19:43:32.513030+00:00,2026-07-17T19:43:32.513030+00:00,,,,,github:saptarshi-coder/easemotion-css#49458,SAPTARSHI-coder,EaseMotion-css,49458,https://github.com/SAPTARSHI-coder/EaseMotion-css/pull/49458
GitHub,GitHub,Replace 'Load More >>>' by overloaded 'Next >',https://github.com/JabRef/jabref/pull/16278,https://github.com/JabRef/jabref/pull/16278,global,unknown,unknown,unknown,,,,,,,,,,true,discovered,2026-07-17T19:43:32.513030+00:00,2026-07-17T19:43:32.513030+00:00,,,,,github:jabref/jabref#16278,JabRef,jabref,16278,https://github.com/JabRef/jabref/pull/16278
GitHub,GitHub,Record which engine produced the report in execution metadata,https://github.com/AndreaBozzo/dataprof/issues/434,https://github.com/AndreaBozzo/dataprof/issues/434,global,unknown,unknown,unknown,,,,,,,,,,true,discovered,2026-07-17T19:43:32.513030+00:00,2026-07-17T19:43:32.513030+00:00,,,,,github:andreabozzo/dataprof#434,AndreaBozzo,dataprof,434,https://github.com/AndreaBozzo/dataprof/issues/434
GitHub,GitHub,Add a CLI regression test for WordPress post planning dispatch,https://github.com/yoldaolmak/Pictovap/issues/29,https://github.com/yoldaolmak/Pictovap/issues/29,global,unknown,unknown,unknown,,,,,,,,,,true,discovered,2026-07-17T19:43:32.513030+00:00,2026-07-17T19:43:32.513030+00:00,,,,,github:yoldaolmak/pictovap#29,yoldaolmak,Pictovap,29,https://github.com/yoldaolmak/Pictovap/issues/29
GitHub,GitHub,Add a WordPress Gutenberg planning example profile and walkthrough,https://github.com/yoldaolmak/Pictovap/issues/28,https://github.com/yoldaolmak/Pictovap/issues/28,global,unknown,unknown,unknown,,,,,,,,,,true,discovered,2026-07-17T19:43:32.513030+00:00,2026-07-17T19:43:32.513030+00:00,,,,,github:yoldaolmak/pictovap#28,yoldaolmak,Pictovap,28,https://github.com/yoldaolmak/Pictovap/issues/28
GitHub,GitHub,Return actionable WordPress read errors when a Gutenberg post cannot be fetched,https://github.com/yoldaolmak/Pictovap/issues/27,https://github.com/yoldaolmak/Pictovap/issues/27,global,unknown,unknown,unknown,,,,,,,,,,true,discovered,2026-07-17T19:43:32.513030+00:00,2026-07-17T19:43:32.513030+00:00,,,,,github:yoldaolmak/pictovap#27,yoldaolmak,Pictovap,27,https://github.com/yoldaolmak/Pictovap/issues/27
GitHub,GitHub,Define and test WordPress planning behaviour for posts without H2 headings,https://github.com/yoldaolmak/Pictovap/issues/26,https://github.com/yoldaolmak/Pictovap/issues/26,global,unknown,unknown,unknown,,,,,,,,,,true,discovered,2026-07-17T19:43:32.513030+00:00,2026-07-17T19:43:32.513030+00:00,,,,,github:yoldaolmak/pictovap#26,yoldaolmak,Pictovap,26,https://github.com/yoldaolmak/Pictovap/issues/26
GitHub,GitHub,Preserve inline-formatted Gutenberg heading text in placement targets,https://github.com/yoldaolmak/Pictovap/issues/25,https://github.com/yoldaolmak/Pictovap/issues/25,global,unknown,unknown,unknown,,,,,,,,,,true,discovered,2026-07-17T19:43:32.513030+00:00,2026-07-17T19:43:32.513030+00:00,,,,,github:yoldaolmak/pictovap#25,yoldaolmak,Pictovap,25,https://github.com/yoldaolmak/Pictovap/issues/25
GitHub,GitHub,Add a realistic Gutenberg blocks fixture for VisualBrief regression tests,https://github.com/yoldaolmak/Pictovap/issues/24,https://github.com/yoldaolmak/Pictovap/issues/24,global,unknown,unknown,unknown,,,,,,,,,,true,discovered,2026-07-17T19:43:32.513030+00:00,2026-07-17T19:43:32.513030+00:00,,,,,github:yoldaolmak/pictovap#24,yoldaolmak,Pictovap,24,https://github.com/yoldaolmak/Pictovap/issues/24
GitHub,GitHub,feat: add CSS Staggered Entrance Tooltip for Neumorphic Soft Layouts …,https://github.com/SAPTARSHI-coder/EaseMotion-css/pull/49457,https://github.com/SAPTARSHI-coder/EaseMotion-css/pull/49457,global,unknown,unknown,unknown,,,,,,,,,,true,discovered,2026-07-17T19:43:32.513030+00:00,2026-07-17T19:43:32.513030+00:00,,,,,github:saptarshi-coder/easemotion-css#49457,SAPTARSHI-coder,EaseMotion-css,49457,https://github.com/SAPTARSHI-coder/EaseMotion-css/pull/49457
GitHub,GitHub,feat(repo-card): show license badges on repository cards,https://github.com/Sanket-103-pvt/Git-Stats/pull/103,https://github.com/Sanket-103-pvt/Git-Stats/pull/103,global,unknown,unknown,unknown,,,,,,,,,,true,discovered,2026-07-17T19:43:32.513030+00:00,2026-07-17T19:43:32.513030+00:00,,,,,github:sanket-103-pvt/git-stats#103,Sanket-103-pvt,Git-Stats,103,https://github.com/Sanket-103-pvt/Git-Stats/pull/103
GitHub,GitHub,feat: add 3d perspective tilt tooltip submission,https://github.com/SAPTARSHI-coder/EaseMotion-css/pull/49456,https://github.com/SAPTARSHI-coder/EaseMotion-css/pull/49456,global,unknown,unknown,unknown,,,,,,,,,,true,discovered,2026-07-17T19:43:32.513030+00:00,2026-07-17T19:43:32.513030+00:00,,,,,github:saptarshi-coder/easemotion-css#49456,SAPTARSHI-coder,EaseMotion-css,49456,https://github.com/SAPTARSHI-coder/EaseMotion-css/pull/49456
GitHub,GitHub,[Good First Issue] 🪭 Add new Theme: Wasabi Punch - Beginner-Friendly Open-source Contribution,https://github.com/lingdojo/kana-dojo/issues/24952,https://github.com/lingdojo/kana-dojo/issues/24952,global,unknown,unknown,unknown,,,,,,,,,,true,discovered,2026-07-17T19:43:32.513030+00:00,2026-07-17T19:43:32.513030+00:00,,,,,github:lingdojo/kana-dojo#24952,lingdojo,kana-dojo,24952,https://github.com/lingdojo/kana-dojo/issues/24952
GitHub,GitHub,Revise and expand documentation on approving workflow runs from forks,https://github.com/Sazwanend/firebase-android-sdk/pull/2,https://github.com/Sazwanend/firebase-android-sdk/pull/2,global,unknown,unknown,unknown,,,,,,,,,,true,discovered,2026-07-17T19:43:32.513030+00:00,2026-07-17T19:43:32.513030+00:00,,,,,github:sazwanend/firebase-android-sdk#2,Sazwanend,firebase-android-sdk,2,https://github.com/Sazwanend/firebase-android-sdk/pull/2
GitHub,GitHub,Docs: document SIGN_BIND_HOST in the environment reference,https://github.com/LiftedHoldings/lifted-sign/issues/16,https://github.com/LiftedHoldings/lifted-sign/issues/16,global,unknown,unknown,unknown,,,,,,,,,,true,discovered,2026-07-17T19:43:32.513030+00:00,2026-07-17T19:43:32.513030+00:00,,,,,github:liftedholdings/lifted-sign#16,LiftedHoldings,lifted-sign,16,https://github.com/LiftedHoldings/lifted-sign/issues/16
GitHub,GitHub,"Docs: document the operational probes (/healthz, /readyz, /version)",https://github.com/LiftedHoldings/lifted-sign/issues/15,https://github.com/LiftedHoldings/lifted-sign/issues/15,global,unknown,unknown,unknown,,,,,,,,,,true,discovered,2026-07-17T19:43:32.513030+00:00,2026-07-17T19:43:32.513030+00:00,,,,,github:liftedholdings/lifted-sign#15,LiftedHoldings,lifted-sign,15,https://github.com/LiftedHoldings/lifted-sign/issues/15
GitHub,GitHub,Tests: add unit tests for pdf_redact.py,https://github.com/LiftedHoldings/lifted-sign/issues/14,https://github.com/LiftedHoldings/lifted-sign/issues/14,global,unknown,unknown,unknown,,,,,,,,,,true,discovered,2026-07-17T19:43:32.513030+00:00,2026-07-17T19:43:32.513030+00:00,,,,,github:liftedholdings/lifted-sign#14,LiftedHoldings,lifted-sign,14,https://github.com/LiftedHoldings/lifted-sign/issues/14
GitHub,GitHub,Webhooks: emit an `envelope.reminded` event when a reminder is sent,https://github.com/LiftedHoldings/lifted-sign/issues/13,https://github.com/LiftedHoldings/lifted-sign/issues/13,global,unknown,unknown,unknown,,,,,,,,,,true,discovered,2026-07-17T19:43:32.513030+00:00,2026-07-17T19:43:32.513030+00:00,,,,,github:liftedholdings/lifted-sign#13,LiftedHoldings,lifted-sign,13,https://github.com/LiftedHoldings/lifted-sign/issues/13
GitHub,GitHub,SDK: add a pagination iterator for the list endpoints,https://github.com/LiftedHoldings/lifted-sign/issues/12,https://github.com/LiftedHoldings/lifted-sign/issues/12,global,unknown,unknown,unknown,,,,,,,,,,true,discovered,2026-07-17T19:43:32.513030+00:00,2026-07-17T19:43:32.513030+00:00,,,,,github:liftedholdings/lifted-sign#12,LiftedHoldings,lifted-sign,12,https://github.com/LiftedHoldings/lifted-sign/issues/12
GitHub,GitHub,Add runnable end-to-end example scripts (create → send → poll → download),https://github.com/LiftedHoldings/lifted-sign/issues/11,https://github.com/LiftedHoldings/lifted-sign/issues/11,global,unknown,unknown,unknown,,,,,,,,,,true,discovered,2026-07-17T19:43:32.513030+00:00,2026-07-17T19:43:32.513030+00:00,,,,,github:liftedholdings/lifted-sign#11,LiftedHoldings,lifted-sign,11,https://github.com/LiftedHoldings/lifted-sign/issues/11
GitHub,GitHub,Node SDK: ship TypeScript type definitions (.d.ts) + package.json,https://github.com/LiftedHoldings/lifted-sign/issues/10,https://github.com/LiftedHoldings/lifted-sign/issues/10,global,unknown,unknown,unknown,,,,,,,,,,true,discovered,2026-07-17T19:43:32.513030+00:00,2026-07-17T19:43:32.513030+00:00,,,,,github:liftedholdings/lifted-sign#10,LiftedHoldings,lifted-sign,10,https://github.com/LiftedHoldings/lifted-sign/issues/10
GitHub,GitHub,feat: add CSS Spring Physics Tooltip for Cyberpunk Neon Layouts #46290,https://github.com/SAPTARSHI-coder/EaseMotion-css/pull/49455,https://github.com/SAPTARSHI-coder/EaseMotion-css/pull/49455,global,unknown,unknown,unknown,,,,,,,,,,true,discovered,2026-07-17T19:43:32.513030+00:00,2026-07-17T19:43:32.513030+00:00,,,,,github:saptarshi-coder/easemotion-css#49455,SAPTARSHI-coder,EaseMotion-css,49455,https://github.com/SAPTARSHI-coder/EaseMotion-css/pull/49455
GitHub,GitHub,fix(memory-write): preserve provenance and reject failed updates (#770),https://github.com/moorcheh-ai/memanto/pull/1507,https://github.com/moorcheh-ai/memanto/pull/1507,global,unknown,unknown,unknown,,,,,,,,,,true,discovered,2026-07-17T19:43:33.112924+00:00,2026-07-17T19:43:33.112924+00:00,,,,,github:moorcheh-ai/memanto#1507,moorcheh-ai,memanto,1507,https://github.com/moorcheh-ai/memanto/pull/1507
GitHub,GitHub,fix(ui): escape dynamic HTML in dashboard and memory views,https://github.com/moorcheh-ai/memanto/pull/1506,https://github.com/moorcheh-ai/memanto/pull/1506,global,unknown,unknown,unknown,,,,,,,,,,true,discovered,2026-07-17T19:43:33.112924+00:00,2026-07-17T19:43:33.112924+00:00,,,,,github:moorcheh-ai/memanto#1506,moorcheh-ai,memanto,1506,https://github.com/moorcheh-ai/memanto/pull/1506
GitHub,GitHub,[2 USDC] Verify canonical settlement evidence,https://github.com/NSPG13/agent-bounties/issues/360,https://github.com/NSPG13/agent-bounties/issues/360,global,unknown,unknown,unknown,,,,,,,,,,true,discovered,2026-07-17T19:43:33.112924+00:00,2026-07-17T19:43:33.112924+00:00,,,,,github:nspg13/agent-bounties#360,NSPG13,agent-bounties,360,https://github.com/NSPG13/agent-bounties/issues/360
GitHub,GitHub,[2 USDC] Select the safest funded bounty for an agent,https://github.com/NSPG13/agent-bounties/issues/359,https://github.com/NSPG13/agent-bounties/issues/359,global,unknown,unknown,unknown,,,,,,,,,,true,discovered,2026-07-17T19:43:33.112924+00:00,2026-07-17T19:43:33.112924+00:00,,,,,github:nspg13/agent-bounties#359,NSPG13,agent-bounties,359,https://github.com/NSPG13/agent-bounties/issues/359
GitHub,GitHub,[2 USDC] Implement safe next action for agent claims,https://github.com/NSPG13/agent-bounties/issues/358,https://github.com/NSPG13/agent-bounties/issues/358,global,unknown,unknown,unknown,,,,,,,,,,true,discovered,2026-07-17T19:43:33.112924+00:00,2026-07-17T19:43:33.112924+00:00,,,,,github:nspg13/agent-bounties#358,NSPG13,agent-bounties,358,https://github.com/NSPG13/agent-bounties/issues/358
GitHub,GitHub,fix: temporal filter silently returns all memories on malformed timestamp,https://github.com/moorcheh-ai/memanto/pull/1505,https://github.com/moorcheh-ai/memanto/pull/1505,global,unknown,unknown,unknown,,,,,,,,,,true,discovered,2026-07-17T19:43:33.112924+00:00,2026-07-17T19:43:33.112924+00:00,,,,,github:moorcheh-ai/memanto#1505,moorcheh-ai,memanto,1505,https://github.com/moorcheh-ai/memanto/pull/1505
GitHub,GitHub,[BUG] S3 Bucket Misconfiguration → Mass Data Leak $120,https://github.com/zhangjiayang6835-cyber/ai-research/issues/1248,https://github.com/zhangjiayang6835-cyber/ai-research/issues/1248,global,unknown,unknown,unknown,,,,,,,,,,true,discovered,2026-07-17T19:43:33.112924+00:00,2026-07-17T19:43:33.112924+00:00,,,,,github:zhangjiayang6835-cyber/ai-research#1248,zhangjiayang6835-cyber,ai-research,1248,https://github.com/zhangjiayang6835-cyber/ai-research/issues/1248
GitHub,GitHub,[BUG] Hardcoded AWS Keys in Public Artifact → Cloud Takeover $180,https://github.com/zhangjiayang6835-cyber/ai-research/issues/1247,https://github.com/zhangjiayang6835-cyber/ai-research/issues/1247,global,unknown,unknown,unknown,,,,,,,,,,true,discovered,2026-07-17T19:43:33.112924+00:00,2026-07-17T19:43:33.112924+00:00,,,,,github:zhangjiayang6835-cyber/ai-research#1247,zhangjiayang6835-cyber,ai-research,1247,https://github.com/zhangjiayang6835-cyber/ai-research/issues/1247
GitHub,GitHub,[BUG] HTTP/2 Downgrade → Request Smuggling $200,https://github.com/zhangjiayang6835-cyber/ai-research/issues/1246,https://github.com/zhangjiayang6835-cyber/ai-research/issues/1246,global,unknown,unknown,unknown,,,,,,,,,,true,discovered,2026-07-17T19:43:33.112924+00:00,2026-07-17T19:43:33.112924+00:00,,,,,github:zhangjiayang6835-cyber/ai-research#1246,zhangjiayang6835-cyber,ai-research,1246,https://github.com/zhangjiayang6835-cyber/ai-research/issues/1246
GitHub,GitHub,[BUG] Second-Order SQL Injection via Stored XSS Data $150,https://github.com/zhangjiayang6835-cyber/ai-research/issues/1245,https://github.com/zhangjiayang6835-cyber/ai-research/issues/1245,global,unknown,unknown,unknown,,,,,,,,,,true,discovered,2026-07-17T19:43:33.112924+00:00,2026-07-17T19:43:33.112924+00:00,,,,,github:zhangjiayang6835-cyber/ai-research#1245,zhangjiayang6835-cyber,ai-research,1245,https://github.com/zhangjiayang6835-cyber/ai-research/issues/1245
GitHub,GitHub,[BUG] Predictable OAuth State Token → CSRF + Account Takeover $150,https://github.com/zhangjiayang6835-cyber/ai-research/issues/1244,https://github.com/zhangjiayang6835-cyber/ai-research/issues/1244,global,unknown,unknown,unknown,,,,,,,,,,true,discovered,2026-07-17T19:43:33.112924+00:00,2026-07-17T19:43:33.112924+00:00,,,,,github:zhangjiayang6835-cyber/ai-research#1244,zhangjiayang6835-cyber,ai-research,1244,https://github.com/zhangjiayang6835-cyber/ai-research/issues/1244
GitHub,GitHub,[BUG] ECB Mode Encryption → Data Leak via Pattern Matching $120,https://github.com/zhangjiayang6835-cyber/ai-research/issues/1243,https://github.com/zhangjiayang6835-cyber/ai-research/issues/1243,global,unknown,unknown,unknown,,,,,,,,,,true,discovered,2026-07-17T19:43:33.112924+00:00,2026-07-17T19:43:33.112924+00:00,,,,,github:zhangjiayang6835-cyber/ai-research#1243,zhangjiayang6835-cyber,ai-research,1243,https://github.com/zhangjiayang6835-cyber/ai-research/issues/1243
GitHub,GitHub,fix(mcp): restrict automatic agent creation,https://github.com/moorcheh-ai/memanto/pull/1503,https://github.com/moorcheh-ai/memanto/pull/1503,global,unknown,unknown,unknown,,,,,,,,,,true,discovered,2026-07-17T19:43:33.112924+00:00,2026-07-17T19:43:33.112924+00:00,,,,,github:moorcheh-ai/memanto#1503,moorcheh-ai,memanto,1503,https://github.com/moorcheh-ai/memanto/pull/1503
GitHub,GitHub,fix: block cross-site management token theft,https://github.com/moorcheh-ai/memanto/pull/1502,https://github.com/moorcheh-ai/memanto/pull/1502,global,unknown,unknown,unknown,,,,,,,,,,true,discovered,2026-07-17T19:43:33.112924+00:00,2026-07-17T19:43:33.112924+00:00,,,,,github:moorcheh-ai/memanto#1502,moorcheh-ai,memanto,1502,https://github.com/moorcheh-ai/memanto/pull/1502
GitHub,GitHub,[Bounty] [1 USDC standing meta] Seed a paid CLI child bounty,https://github.com/zhangjiayang6835-cyber/bounty-plaza/issues/514,https://github.com/zhangjiayang6835-cyber/bounty-plaza/issues/514,global,unknown,unknown,unknown,,,,,,,,,,true,discovered,2026-07-17T19:43:33.112924+00:00,2026-07-17T19:43:33.112924+00:00,,,,,github:zhangjiayang6835-cyber/bounty-plaza#514,zhangjiayang6835-cyber,bounty-plaza,514,https://github.com/zhangjiayang6835-cyber/bounty-plaza/issues/514
GitHub,GitHub,[Bounty] [1 USDC standing meta] Seed a paid API child bounty,https://github.com/zhangjiayang6835-cyber/bounty-plaza/issues/513,https://github.com/zhangjiayang6835-cyber/bounty-plaza/issues/513,global,unknown,unknown,unknown,,,,,,,,,,true,discovered,2026-07-17T19:43:33.112924+00:00,2026-07-17T19:43:33.112924+00:00,,,,,github:zhangjiayang6835-cyber/bounty-plaza#513,zhangjiayang6835-cyber,bounty-plaza,513,https://github.com/zhangjiayang6835-cyber/bounty-plaza/issues/513
GitHub,GitHub,[Bounty] [1 USDC standing meta] Seed a paid distribution tooling child bounty,https://github.com/zhangjiayang6835-cyber/bounty-plaza/issues/510,https://github.com/zhangjiayang6835-cyber/bounty-plaza/issues/510,global,unknown,unknown,unknown,,,,,,,,,,true,discovered,2026-07-17T19:43:33.112924+00:00,2026-07-17T19:43:33.112924+00:00,,,,,github:zhangjiayang6835-cyber/bounty-plaza#510,zhangjiayang6835-cyber,bounty-plaza,510,https://github.com/zhangjiayang6835-cyber/bounty-plaza/issues/510
GitHub,GitHub,[Bounty] [1 USDC standing meta] Seed a paid MCP child bounty,https://github.com/zhangjiayang6835-cyber/bounty-plaza/issues/511,https://github.com/zhangjiayang6835-cyber/bounty-plaza/issues/511,global,unknown,unknown,unknown,,,,,,,,,,true,discovered,2026-07-17T19:43:33.112924+00:00,2026-07-17T19:43:33.112924+00:00,,,,,github:zhangjiayang6835-cyber/bounty-plaza#511,zhangjiayang6835-cyber,bounty-plaza,511,https://github.com/zhangjiayang6835-cyber/bounty-plaza/issues/511
GitHub,GitHub,[Bounty] [1 USDC standing meta] Seed a paid wallet UX child bounty,https://github.com/zhangjiayang6835-cyber/bounty-plaza/issues/512,https://github.com/zhangjiayang6835-cyber/bounty-plaza/issues/512,global,unknown,unknown,unknown,,,,,,,,,,true,discovered,2026-07-17T19:43:33.112924+00:00,2026-07-17T19:43:33.112924+00:00,,,,,github:zhangjiayang6835-cyber/bounty-plaza#512,zhangjiayang6835-cyber,bounty-plaza,512,https://github.com/zhangjiayang6835-cyber/bounty-plaza/issues/512
GitHub,GitHub,🎯 Fix: Database Lock Leaked on Context Cancellation During Force -> Up Migration Sequence,https://github.com/Thomasuw10/migrate/issues/1,https://github.com/Thomasuw10/migrate/issues/1,global,unknown,unknown,unknown,,,,,,,,,,true,discovered,2026-07-17T19:43:33.112924+00:00,2026-07-17T19:43:33.112924+00:00,,,,,github:thomasuw10/migrate#1,Thomasuw10,migrate,1,https://github.com/Thomasuw10/migrate/issues/1
GitHub,GitHub,🎯 Fix Protocol Desynchronization on Context Cancellation During Row Streaming,https://github.com/Thomasuw10/mysql/issues/1,https://github.com/Thomasuw10/mysql/issues/1,global,unknown,unknown,unknown,,,,,,,,,,true,discovered,2026-07-17T19:43:33.112924+00:00,2026-07-17T19:43:33.112924+00:00,,,,,github:thomasuw10/mysql#1,Thomasuw10,mysql,1,https://github.com/Thomasuw10/mysql/issues/1
GitHub,GitHub,🎯 Fix Recovery Interceptor to Invoke Recovery Handler for Panics During Active Stream Processing,https://github.com/Thomasuw10/middleware/issues/1,https://github.com/Thomasuw10/middleware/issues/1,global,unknown,unknown,unknown,,,,,,,,,,true,discovered,2026-07-17T19:43:33.112924+00:00,2026-07-17T19:43:33.112924+00:00,,,,,github:thomasuw10/middleware#1,Thomasuw10,middleware,1,https://github.com/Thomasuw10/middleware/issues/1
GitHub,GitHub,🎯 Fix Header Accumulation and Duplication During Retries in `PrepareRetry`,https://github.com/Thomasuw10/retryablehttp/issues/1,https://github.com/Thomasuw10/retryablehttp/issues/1,global,unknown,unknown,unknown,,,,,,,,,,true,discovered,2026-07-17T19:43:33.112924+00:00,2026-07-17T19:43:33.112924+00:00,,,,,github:thomasuw10/retryablehttp#1,Thomasuw10,retryablehttp,1,https://github.com/Thomasuw10/retryablehttp/issues/1
GitHub,GitHub,🎯 Prevent connection state corruption when CopyFrom is interrupted by context cancellation,https://github.com/Thomasuw10/pgx/issues/1,https://github.com/Thomasuw10/pgx/issues/1,global,unknown,unknown,unknown,,,,,,,,,,true,discovered,2026-07-17T19:43:33.112924+00:00,2026-07-17T19:43:33.112924+00:00,,,,,github:thomasuw10/pgx#1,Thomasuw10,pgx,1,https://github.com/Thomasuw10/pgx/issues/1
GitHub,GitHub,🎯 Fix race condition between `Registry.Unregister` and concurrent `Registry.Gather` leading to partial metric scrapes,https://github.com/RyanAdam60/client_golang/issues/1,https://github.com/RyanAdam60/client_golang/issues/1,global,unknown,unknown,unknown,,,,,,,,,,true,discovered,2026-07-17T19:43:33.112924+00:00,2026-07-17T19:43:33.112924+00:00,,,,,github:ryanadam60/client_golang#1,RyanAdam60,client_golang,1,https://github.com/RyanAdam60/client_golang/issues/1
GitHub,GitHub,🎯 Fix Deadlock When Running Job Attempts Self-Removal via RemoveByReference,https://github.com/RyanAdam60/gocron/issues/1,https://github.com/RyanAdam60/gocron/issues/1,global,unknown,unknown,unknown,,,,,,,,,,true,discovered,2026-07-17T19:43:33.112924+00:00,2026-07-17T19:43:33.112924+00:00,,,,,github:ryanadam60/gocron#1,RyanAdam60,gocron,1,https://github.com/RyanAdam60/gocron/issues/1
GitHub,GitHub,🎯 Fix Struct Metadata Cache Collision for Distinct Structs Sharing Anonymous Embedded Structs,https://github.com/RyanAdam60/validator/issues/1,https://github.com/RyanAdam60/validator/issues/1,global,unknown,unknown,unknown,,,,,,,,,,true,discovered,2026-07-17T19:43:33.112924+00:00,2026-07-17T19:43:33.112924+00:00,,,,,github:ryanadam60/validator#1,RyanAdam60,validator,1,https://github.com/RyanAdam60/validator/issues/1
GitHub,GitHub,🎯 Prevent validation state and claim leakage when reusing Claims instances in ParseWithClaims,https://github.com/RyanAdam60/jwt/issues/1,https://github.com/RyanAdam60/jwt/issues/1,global,unknown,unknown,unknown,,,,,,,,,,true,discovered,2026-07-17T19:43:33.112924+00:00,2026-07-17T19:43:33.112924+00:00,,,,,github:ryanadam60/jwt#1,RyanAdam60,jwt,1,https://github.com/RyanAdam60/jwt/issues/1
GitHub,GitHub,🎯 Fix: Request body is lost on retries when using `io.Reader`,https://github.com/RyanAdam60/resty/issues/1,https://github.com/RyanAdam60/resty/issues/1,global,unknown,unknown,unknown,,,,,,,,,,true,discovered,2026-07-17T19:43:33.112924+00:00,2026-07-17T19:43:33.112924+00:00,,,,,github:ryanadam60/resty#1,RyanAdam60,resty,1,https://github.com/RyanAdam60/resty/issues/1
GitHub,GitHub,🎯 Prevent Transparent Retries of Pipelines Containing Non-Idempotent Commands on Connection Reset,https://github.com/RyanAdam60/go-redis/issues/1,https://github.com/RyanAdam60/go-redis/issues/1,global,unknown,unknown,unknown,,,,,,,,,,true,discovered,2026-07-17T19:43:33.112924+00:00,2026-07-17T19:43:33.112924+00:00,,,,,github:ryanadam60/go-redis#1,RyanAdam60,go-redis,1,https://github.com/RyanAdam60/go-redis/issues/1
GitHub,GitHub,修复 Open Library 借阅页面渲染,https://github.com/Open-Source-Bazaar/Open-Source-Bazaar.github.io/issues/98,https://github.com/Open-Source-Bazaar/Open-Source-Bazaar.github.io/issues/98,global,unknown,unknown,unknown,,,,,,,,,,true,discovered,2026-07-17T19:43:33.652831+00:00,2026-07-17T19:43:33.652831+00:00,,,,,github:open-source-bazaar/open-source-bazaar.github.io#98,Open-Source-Bazaar,Open-Source-Bazaar.github.io,98,https://github.com/Open-Source-Bazaar/Open-Source-Bazaar.github.io/issues/98
GitHub,GitHub,对接【开源图书馆】飞书多维表格 API,https://github.com/Open-Source-Bazaar/Open-Source-Bazaar.github.io/issues/96,https://github.com/Open-Source-Bazaar/Open-Source-Bazaar.github.io/issues/96,global,unknown,unknown,unknown,,,,,,,,,,true,discovered,2026-07-17T19:43:33.652831+00:00,2026-07-17T19:43:33.652831+00:00,,,,,github:open-source-bazaar/open-source-bazaar.github.io#96,Open-Source-Bazaar,Open-Source-Bazaar.github.io,96,https://github.com/Open-Source-Bazaar/Open-Source-Bazaar.github.io/issues/96
GitHub,GitHub,提升【开源市集】官网 SSG 构建速度,https://github.com/Open-Source-Bazaar/Wiki/issues/2,https://github.com/Open-Source-Bazaar/Wiki/issues/2,global,unknown,unknown,unknown,,,,,,,,,,true,discovered,2026-07-17T19:43:33.652831+00:00,2026-07-17T19:43:33.652831+00:00,,,,,github:open-source-bazaar/wiki#2,Open-Source-Bazaar,Wiki,2,https://github.com/Open-Source-Bazaar/Wiki/issues/2
GitHub,GitHub,[harnessclaw/harnessclaw] [Reward] HarnessClaw 体验测评（任一场景） #2,https://github.com/Vikingr2023/awesome-agent-bounties/issues/168,https://github.com/Vikingr2023/awesome-agent-bounties/issues/168,global,unknown,unknown,unknown,,,,,,,,,,true,discovered,2026-07-17T19:43:33.652831+00:00,2026-07-17T19:43:33.652831+00:00,,,,,github:vikingr2023/awesome-agent-bounties#168,Vikingr2023,awesome-agent-bounties,168,https://github.com/Vikingr2023/awesome-agent-bounties/issues/168
GitHub,GitHub,[aLexzzz430/Cognitive-OS] [ Bounty $3k ] [ Research ] Collect and compare AI-generated,https://github.com/Vikingr2023/awesome-agent-bounties/issues/167,https://github.com/Vikingr2023/awesome-agent-bounties/issues/167,global,unknown,unknown,unknown,,,,,,,,,,true,discovered,2026-07-17T19:43:33.652831+00:00,2026-07-17T19:43:33.652831+00:00,,,,,github:vikingr2023/awesome-agent-bounties#167,Vikingr2023,awesome-agent-bounties,167,https://github.com/Vikingr2023/awesome-agent-bounties/issues/167
GitHub,GitHub,[Open-Source-Bazaar/Open-Source-Bazaar.github.io] 开源市集代码贡献指南,https://github.com/Vikingr2023/awesome-agent-bounties/issues/166,https://github.com/Vikingr2023/awesome-agent-bounties/issues/166,global,unknown,unknown,unknown,,,,,,,,,,true,discovered,2026-07-17T19:43:33.652831+00:00,2026-07-17T19:43:33.652831+00:00,,,,,github:vikingr2023/awesome-agent-bounties#166,Vikingr2023,awesome-agent-bounties,166,https://github.com/Vikingr2023/awesome-agent-bounties/issues/166
GitHub,GitHub,[Open-Source-Bazaar/Open-Source-Bazaar.github.io] [Reward] Bot Killer,https://github.com/Vikingr2023/awesome-agent-bounties/issues/165,https://github.com/Vikingr2023/awesome-agent-bounties/issues/165,global,unknown,unknown,unknown,,,,,,,,,,true,discovered,2026-07-17T19:43:33.652831+00:00,2026-07-17T19:43:33.652831+00:00,,,,,github:vikingr2023/awesome-agent-bounties#165,Vikingr2023,awesome-agent-bounties,165,https://github.com/Vikingr2023/awesome-agent-bounties/issues/165
GitHub,GitHub,[idea2app/MobX-GitHub] MobX-GitHub 新增 Git Tree API 封装类,https://github.com/Vikingr2023/awesome-agent-bounties/issues/164,https://github.com/Vikingr2023/awesome-agent-bounties/issues/164,global,unknown,unknown,unknown,,,,,,,,,,true,discovered,2026-07-17T19:43:33.652831+00:00,2026-07-17T19:43:33.652831+00:00,,,,,github:vikingr2023/awesome-agent-bounties#164,Vikingr2023,awesome-agent-bounties,164,https://github.com/Vikingr2023/awesome-agent-bounties/issues/164
GitHub,GitHub,[Vikingr2023/awesome-agent-bounties] [cpagent78/crawler-network] [P3] 크롤러 피드백 API + 학습 로직,https://github.com/Vikingr2023/awesome-agent-bounties/issues/146,https://github.com/Vikingr2023/awesome-agent-bounties/issues/146,global,unknown,unknown,unknown,,,,,,,,,,true,discovered,2026-07-17T19:43:33.652831+00:00,2026-07-17T19:43:33.652831+00:00,,,,,github:vikingr2023/awesome-agent-bounties#146,Vikingr2023,awesome-agent-bounties,146,https://github.com/Vikingr2023/awesome-agent-bounties/issues/146
GitHub,GitHub,[Vikingr2023/awesome-agent-bounties] [Vikingr2023/awesome-agent-bounties] [cpagent78/crawler-netw,https://github.com/Vikingr2023/awesome-agent-bounties/issues/144,https://github.com/Vikingr2023/awesome-agent-bounties/issues/144,global,unknown,unknown,unknown,,,,,,,,,,true,discovered,2026-07-17T19:43:33.652831+00:00,2026-07-17T19:43:33.652831+00:00,,,,,github:vikingr2023/awesome-agent-bounties#144,Vikingr2023,awesome-agent-bounties,144,https://github.com/Vikingr2023/awesome-agent-bounties/issues/144
GitHub,GitHub,[Vikingr2023/awesome-agent-bounties] [Vikingr2023/awesome-agent-bounties] [Open-Source-Bazaar/Ope,https://github.com/Vikingr2023/awesome-agent-bounties/issues/143,https://github.com/Vikingr2023/awesome-agent-bounties/issues/143,global,unknown,unknown,unknown,,,,,,,,,,true,discovered,2026-07-17T19:43:33.652831+00:00,2026-07-17T19:43:33.652831+00:00,,,,,github:vikingr2023/awesome-agent-bounties#143,Vikingr2023,awesome-agent-bounties,143,https://github.com/Vikingr2023/awesome-agent-bounties/issues/143
GitHub,GitHub,[Vikingr2023/awesome-agent-bounties] [Vikingr2023/awesome-agent-bounties] [Digital-Nomad-Home/Lin,https://github.com/Vikingr2023/awesome-agent-bounties/issues/142,https://github.com/Vikingr2023/awesome-agent-bounties/issues/142,global,unknown,unknown,unknown,,,,,,,,,,true,discovered,2026-07-17T19:43:33.652831+00:00,2026-07-17T19:43:33.652831+00:00,,,,,github:vikingr2023/awesome-agent-bounties#142,Vikingr2023,awesome-agent-bounties,142,https://github.com/Vikingr2023/awesome-agent-bounties/issues/142
GitHub,GitHub,[Vikingr2023/awesome-agent-bounties] [Vikingr2023/awesome-agent-bounties] [Digital-Nomad-Home/Lin,https://github.com/Vikingr2023/awesome-agent-bounties/issues/141,https://github.com/Vikingr2023/awesome-agent-bounties/issues/141,global,unknown,unknown,unknown,,,,,,,,,,true,discovered,2026-07-17T19:43:33.652831+00:00,2026-07-17T19:43:33.652831+00:00,,,,,github:vikingr2023/awesome-agent-bounties#141,Vikingr2023,awesome-agent-bounties,141,https://github.com/Vikingr2023/awesome-agent-bounties/issues/141
GitHub,GitHub,[Vikingr2023/awesome-agent-bounties] [Vikingr2023/awesome-agent-bounties] [Digital-Nomad-Home/Lin,https://github.com/Vikingr2023/awesome-agent-bounties/issues/140,https://github.com/Vikingr2023/awesome-agent-bounties/issues/140,global,unknown,unknown,unknown,,,,,,,,,,true,discovered,2026-07-17T19:43:33.652831+00:00,2026-07-17T19:43:33.652831+00:00,,,,,github:vikingr2023/awesome-agent-bounties#140,Vikingr2023,awesome-agent-bounties,140,https://github.com/Vikingr2023/awesome-agent-bounties/issues/140
GitHub,GitHub,[Vikingr2023/awesome-agent-bounties] [Vikingr2023/awesome-agent-bounties] [Open-Source-Bazaar/Ope,https://github.com/Vikingr2023/awesome-agent-bounties/issues/139,https://github.com/Vikingr2023/awesome-agent-bounties/issues/139,global,unknown,unknown,unknown,,,,,,,,,,true,discovered,2026-07-17T19:43:33.652831+00:00,2026-07-17T19:43:33.652831+00:00,,,,,github:vikingr2023/awesome-agent-bounties#139,Vikingr2023,awesome-agent-bounties,139,https://github.com/Vikingr2023/awesome-agent-bounties/issues/139
GitHub,GitHub,[Vikingr2023/awesome-agent-bounties] [Vikingr2023/awesome-agent-bounties] [Open-Source-Bazaar/Ope,https://github.com/Vikingr2023/awesome-agent-bounties/issues/137,https://github.com/Vikingr2023/awesome-agent-bounties/issues/137,global,unknown,unknown,unknown,,,,,,,,,,true,discovered,2026-07-17T19:43:33.652831+00:00,2026-07-17T19:43:33.652831+00:00,,,,,github:vikingr2023/awesome-agent-bounties#137,Vikingr2023,awesome-agent-bounties,137,https://github.com/Vikingr2023/awesome-agent-bounties/issues/137
GitHub,GitHub,[Vikingr2023/awesome-agent-bounties] [Vikingr2023/awesome-agent-bounties] [idea2app/MobX-GitHub] ,https://github.com/Vikingr2023/awesome-agent-bounties/issues/135,https://github.com/Vikingr2023/awesome-agent-bounties/issues/135,global,unknown,unknown,unknown,,,,,,,,,,true,discovered,2026-07-17T19:43:33.652831+00:00,2026-07-17T19:43:33.652831+00:00,,,,,github:vikingr2023/awesome-agent-bounties#135,Vikingr2023,awesome-agent-bounties,135,https://github.com/Vikingr2023/awesome-agent-bounties/issues/135
GitHub,GitHub,[Vikingr2023/awesome-agent-bounties] [idea2app/MobX-GitHub] MobX-GitHub 新增 Git Tree API 封装类,https://github.com/Vikingr2023/awesome-agent-bounties/issues/101,https://github.com/Vikingr2023/awesome-agent-bounties/issues/101,global,unknown,unknown,unknown,,,,,,,,,,true,discovered,2026-07-17T19:43:33.652831+00:00,2026-07-17T19:43:33.652831+00:00,,,,,github:vikingr2023/awesome-agent-bounties#101,Vikingr2023,awesome-agent-bounties,101,https://github.com/Vikingr2023/awesome-agent-bounties/issues/101
GitHub,GitHub,[Vikingr2023/awesome-agent-bounties] [Open-Source-Bazaar/Open-Source-Bazaar.github.io] [Reward] B,https://github.com/Vikingr2023/awesome-agent-bounties/issues/100,https://github.com/Vikingr2023/awesome-agent-bounties/issues/100,global,unknown,unknown,unknown,,,,,,,,,,true,discovered,2026-07-17T19:43:33.652831+00:00,2026-07-17T19:43:33.652831+00:00,,,,,github:vikingr2023/awesome-agent-bounties#100,Vikingr2023,awesome-agent-bounties,100,https://github.com/Vikingr2023/awesome-agent-bounties/issues/100
GitHub,GitHub,[Vikingr2023/awesome-agent-bounties] [Open-Source-Bazaar/Open-Source-Bazaar.github.io] 开源市集代码贡献指南,https://github.com/Vikingr2023/awesome-agent-bounties/issues/99,https://github.com/Vikingr2023/awesome-agent-bounties/issues/99,global,unknown,unknown,unknown,,,,,,,,,,true,discovered,2026-07-17T19:43:33.652831+00:00,2026-07-17T19:43:33.652831+00:00,,,,,github:vikingr2023/awesome-agent-bounties#99,Vikingr2023,awesome-agent-bounties,99,https://github.com/Vikingr2023/awesome-agent-bounties/issues/99
GitHub,GitHub,[Vikingr2023/awesome-agent-bounties] [Digital-Nomad-Home/LinJuLi-MiniApp] 开源悬赏平台增加“交易”功能,https://github.com/Vikingr2023/awesome-agent-bounties/issues/97,https://github.com/Vikingr2023/awesome-agent-bounties/issues/97,global,unknown,unknown,unknown,,,,,,,,,,true,discovered,2026-07-17T19:43:33.652831+00:00,2026-07-17T19:43:33.652831+00:00,,,,,github:vikingr2023/awesome-agent-bounties#97,Vikingr2023,awesome-agent-bounties,97,https://github.com/Vikingr2023/awesome-agent-bounties/issues/97
GitHub,GitHub,[Vikingr2023/awesome-agent-bounties] [Digital-Nomad-Home/LinJuLi-MiniApp] 开发开源悬赏平台“代币交易所” 功能,https://github.com/Vikingr2023/awesome-agent-bounties/issues/96,https://github.com/Vikingr2023/awesome-agent-bounties/issues/96,global,unknown,unknown,unknown,,,,,,,,,,true,discovered,2026-07-17T19:43:33.652831+00:00,2026-07-17T19:43:33.652831+00:00,,,,,github:vikingr2023/awesome-agent-bounties#96,Vikingr2023,awesome-agent-bounties,96,https://github.com/Vikingr2023/awesome-agent-bounties/issues/96
GitHub,GitHub,[Vikingr2023/awesome-agent-bounties] [Digital-Nomad-Home/LinJuLi-MiniApp] 开发开源悬赏平台的“权益商城”功能,https://github.com/Vikingr2023/awesome-agent-bounties/issues/95,https://github.com/Vikingr2023/awesome-agent-bounties/issues/95,global,unknown,unknown,unknown,,,,,,,,,,true,discovered,2026-07-17T19:43:33.652831+00:00,2026-07-17T19:43:33.652831+00:00,,,,,github:vikingr2023/awesome-agent-bounties#95,Vikingr2023,awesome-agent-bounties,95,https://github.com/Vikingr2023/awesome-agent-bounties/issues/95
GitHub,GitHub,[Vikingr2023/awesome-agent-bounties] [Open-Source-Bazaar/Open-Source-Bazaar.github.io] 基于 OCToken,https://github.com/Vikingr2023/awesome-agent-bounties/issues/94,https://github.com/Vikingr2023/awesome-agent-bounties/issues/94,global,unknown,unknown,unknown,,,,,,,,,,true,discovered,2026-07-17T19:43:33.652831+00:00,2026-07-17T19:43:33.652831+00:00,,,,,github:vikingr2023/awesome-agent-bounties#94,Vikingr2023,awesome-agent-bounties,94,https://github.com/Vikingr2023/awesome-agent-bounties/issues/94
GitHub,GitHub,[Vikingr2023/awesome-agent-bounties] [cpagent78/crawler-network] [P3] 크롤러 피드백 API + 학습 로직,https://github.com/Vikingr2023/awesome-agent-bounties/issues/93,https://github.com/Vikingr2023/awesome-agent-bounties/issues/93,global,unknown,unknown,unknown,,,,,,,,,,true,discovered,2026-07-17T19:43:33.652831+00:00,2026-07-17T19:43:33.652831+00:00,,,,,github:vikingr2023/awesome-agent-bounties#93,Vikingr2023,awesome-agent-bounties,93,https://github.com/Vikingr2023/awesome-agent-bounties/issues/93
GitHub,GitHub,[cpagent78/crawler-network] [P3] 크롤러 피드백 API + 학습 로직,https://github.com/Vikingr2023/awesome-agent-bounties/issues/58,https://github.com/Vikingr2023/awesome-agent-bounties/issues/58,global,unknown,unknown,unknown,,,,,,,,,,true,discovered,2026-07-17T19:43:33.652831+00:00,2026-07-17T19:43:33.652831+00:00,,,,,github:vikingr2023/awesome-agent-bounties#58,Vikingr2023,awesome-agent-bounties,58,https://github.com/Vikingr2023/awesome-agent-bounties/issues/58
GitHub,GitHub,[Open-Source-Bazaar/Open-Source-Bazaar.github.io] 基于 OCToken NFT 机制实现【开放协作人奖】颁发程序,https://github.com/Vikingr2023/awesome-agent-bounties/issues/57,https://github.com/Vikingr2023/awesome-agent-bounties/issues/57,global,unknown,unknown,unknown,,,,,,,,,,true,discovered,2026-07-17T19:43:33.652831+00:00,2026-07-17T19:43:33.652831+00:00,,,,,github:vikingr2023/awesome-agent-bounties#57,Vikingr2023,awesome-agent-bounties,57,https://github.com/Vikingr2023/awesome-agent-bounties/issues/57
GitHub,GitHub,[Digital-Nomad-Home/LinJuLi-MiniApp] 开发开源悬赏平台的“权益商城”功能,https://github.com/Vikingr2023/awesome-agent-bounties/issues/56,https://github.com/Vikingr2023/awesome-agent-bounties/issues/56,global,unknown,unknown,unknown,,,,,,,,,,true,discovered,2026-07-17T19:43:33.652831+00:00,2026-07-17T19:43:33.652831+00:00,,,,,github:vikingr2023/awesome-agent-bounties#56,Vikingr2023,awesome-agent-bounties,56,https://github.com/Vikingr2023/awesome-agent-bounties/issues/56
GitHub,GitHub,[Digital-Nomad-Home/LinJuLi-MiniApp] 开发开源悬赏平台“代币交易所” 功能,https://github.com/Vikingr2023/awesome-agent-bounties/issues/55,https://github.com/Vikingr2023/awesome-agent-bounties/issues/55,global,unknown,unknown,unknown,,,,,,,,,,true,discovered,2026-07-17T19:43:33.652831+00:00,2026-07-17T19:43:33.652831+00:00,,,,,github:vikingr2023/awesome-agent-bounties#55,Vikingr2023,awesome-agent-bounties,55,https://github.com/Vikingr2023/awesome-agent-bounties/issues/55
GitHub,GitHub,[Digital-Nomad-Home/LinJuLi-MiniApp] 开源悬赏平台增加“交易”功能,https://github.com/Vikingr2023/awesome-agent-bounties/issues/54,https://github.com/Vikingr2023/awesome-agent-bounties/issues/54,global,unknown,unknown,unknown,,,,,,,,,,true,discovered,2026-07-17T19:43:33.652831+00:00,2026-07-17T19:43:33.652831+00:00,,,,,github:vikingr2023/awesome-agent-bounties#54,Vikingr2023,awesome-agent-bounties,54,https://github.com/Vikingr2023/awesome-agent-bounties/issues/54
GitHub,GitHub,feat(trusty-gworkspace): reload oauth_client.json on invalid_client refresh failure — stale in-memory client creds outlive on-disk fix,https://github.com/bobmatnyc/trusty-tools/issues/2946,https://github.com/bobmatnyc/trusty-tools/issues/2946,global,unknown,unknown,unknown,,,,,,,,,,true,discovered,2026-07-17T19:43:34.589666+00:00,2026-07-17T19:43:34.589666+00:00,,,,,github:bobmatnyc/trusty-tools#2946,bobmatnyc,trusty-tools,2946,https://github.com/bobmatnyc/trusty-tools/issues/2946
GitHub,GitHub,Space in mod jar leads to 403 Forbidden,https://github.com/itzg/docker-minecraft-server/issues/4177,https://github.com/itzg/docker-minecraft-server/issues/4177,global,unknown,unknown,unknown,,,,,,,,,,true,discovered,2026-07-17T19:43:34.589666+00:00,2026-07-17T19:43:34.589666+00:00,,,,,github:itzg/docker-minecraft-server#4177,itzg,docker-minecraft-server,4177,https://github.com/itzg/docker-minecraft-server/issues/4177
GitHub,GitHub,"[Issue]: v2.3.3 — NovelAI style plate: ""Choose image"" blanks the connection editor panel, image can never be set",https://github.com/Pasta-Devs/Marinara-Engine/issues/3757,https://github.com/Pasta-Devs/Marinara-Engine/issues/3757,global,unknown,unknown,unknown,,,,,,,,,,true,discovered,2026-07-17T19:43:34.589666+00:00,2026-07-17T19:43:34.589666+00:00,,,,,github:pasta-devs/marinara-engine#3757,Pasta-Devs,Marinara-Engine,3757,https://github.com/Pasta-Devs/Marinara-Engine/issues/3757
GitHub,GitHub,test_ 2026-07-17T19:41:30Z,https://github.com/integrationMCTaw1va/integrationMCT/issues/127639,https://github.com/integrationMCTaw1va/integrationMCT/issues/127639,global,unknown,unknown,unknown,,,,,,,,,,true,discovered,2026-07-17T19:43:34.589666+00:00,2026-07-17T19:43:34.589666+00:00,,,,,github:integrationmctaw1va/integrationmct#127639,integrationMCTaw1va,integrationMCT,127639,https://github.com/integrationMCTaw1va/integrationMCT/issues/127639
GitHub,GitHub,Nil pointer crash when bbolt reopen fails during compaction on_start,https://github.com/open-telemetry/opentelemetry-collector-contrib/issues/49735,https://github.com/open-telemetry/opentelemetry-collector-contrib/issues/49735,global,unknown,unknown,unknown,,,,,,,,,,true,discovered,2026-07-17T19:43:34.589666+00:00,2026-07-17T19:43:34.589666+00:00,,,,,github:open-telemetry/opentelemetry-collector-contrib#49735,open-telemetry,opentelemetry-collector-contrib,49735,https://github.com/open-telemetry/opentelemetry-collector-contrib/issues/49735
GitHub,GitHub,"Startup and launch-path hardening: unguarded mouse mode, unverified gh termination on refresh timeout, stale solve chooser clobbers an attached session",https://github.com/coghex/kanban/issues/40,https://github.com/coghex/kanban/issues/40,global,unknown,unknown,unknown,,,,,,,,,,true,discovered,2026-07-17T19:43:34.589666+00:00,2026-07-17T19:43:34.589666+00:00,,,,,github:coghex/kanban#40,coghex,kanban,40,https://github.com/coghex/kanban/issues/40
GitHub,GitHub,[backend] [MEDIUM] Dashboard shows no tokens/cost for sdlc fix (fix-issue) runs,https://github.com/fxmartin/claude-code-config/issues/477,https://github.com/fxmartin/claude-code-config/issues/477,global,unknown,unknown,unknown,,,,,,,,,,true,discovered,2026-07-17T19:43:34.589666+00:00,2026-07-17T19:43:34.589666+00:00,,,,,github:fxmartin/claude-code-config#477,fxmartin,claude-code-config,477,https://github.com/fxmartin/claude-code-config/issues/477
GitHub,GitHub,"[Bug] upon death in ashad, you do not go to the church.  you transport to the oasis area of the map.",https://github.com/jasona/darkwind-public/issues/1235,https://github.com/jasona/darkwind-public/issues/1235,global,unknown,unknown,unknown,,,,,,,,,,true,discovered,2026-07-17T19:43:34.589666+00:00,2026-07-17T19:43:34.589666+00:00,,,,,github:jasona/darkwind-public#1235,jasona,darkwind-public,1235,https://github.com/jasona/darkwind-public/issues/1235
GitHub,GitHub,Fix freeze on loading installed modules,https://github.com/KSP-CKAN/CKAN/pull/4695,https://github.com/KSP-CKAN/CKAN/pull/4695,global,unknown,unknown,unknown,,,,,,,,,,true,discovered,2026-07-17T19:43:34.589666+00:00,2026-07-17T19:43:34.589666+00:00,,,,,github:ksp-ckan/ckan#4695,KSP-CKAN,CKAN,4695,https://github.com/KSP-CKAN/CKAN/pull/4695
GitHub,GitHub,bug(daemon): GIT_DIR/GIT_WORK_TREE containment pin leaks into every subprocess of a --worktree session,https://github.com/theshadow27/mcp-cli/issues/2919,https://github.com/theshadow27/mcp-cli/issues/2919,global,unknown,unknown,unknown,,,,,,,,,,true,discovered,2026-07-17T19:43:34.589666+00:00,2026-07-17T19:43:34.589666+00:00,,,,,github:theshadow27/mcp-cli#2919,theshadow27,mcp-cli,2919,https://github.com/theshadow27/mcp-cli/issues/2919
GitHub,GitHub,fix: worker /execute returns 403 invalid token principal,https://github.com/srallapally/iga-scheduler-backend/issues/44,https://github.com/srallapally/iga-scheduler-backend/issues/44,global,unknown,unknown,unknown,,,,,,,,,,true,discovered,2026-07-17T19:43:34.589666+00:00,2026-07-17T19:43:34.589666+00:00,,,,,github:srallapally/iga-scheduler-backend#44,srallapally,iga-scheduler-backend,44,https://github.com/srallapally/iga-scheduler-backend/issues/44
GitHub,GitHub,[spawn] False 'failed to start' + 'No conversation found' on duplicate-concurrent spawn,https://github.com/alondero/buildmesh/issues/866,https://github.com/alondero/buildmesh/issues/866,global,unknown,unknown,unknown,,,,,,,,,,true,discovered,2026-07-17T19:43:34.589666+00:00,2026-07-17T19:43:34.589666+00:00,,,,,github:alondero/buildmesh#866,alondero,buildmesh,866,https://github.com/alondero/buildmesh/issues/866
GitHub,GitHub,Hands-free can falsely lock in when the first press is refused at the missing-model gate,https://github.com/saurabhav88/EnviousWispr/issues/1631,https://github.com/saurabhav88/EnviousWispr/issues/1631,global,unknown,unknown,unknown,,,,,,,,,,true,discovered,2026-07-17T19:43:34.589666+00:00,2026-07-17T19:43:34.589666+00:00,,,,,github:saurabhav88/enviouswispr#1631,saurabhav88,EnviousWispr,1631,https://github.com/saurabhav88/EnviousWispr/issues/1631
GitHub,GitHub,webgpt: submit-output-contract failed — WebGPT returned no unified diff and no finished-file zip,https://github.com/grahama1970/agent-skills/issues/173,https://github.com/grahama1970/agent-skills/issues/173,global,unknown,unknown,unknown,,,,,,,,,,true,discovered,2026-07-17T19:43:34.589666+00:00,2026-07-17T19:43:34.589666+00:00,,,,,github:grahama1970/agent-skills#173,grahama1970,agent-skills,173,https://github.com/grahama1970/agent-skills/issues/173
GitHub,GitHub,Legacy chat deprecation warning; opt into TextChatService,https://github.com/noelmom/fireteamlabs/issues/32,https://github.com/noelmom/fireteamlabs/issues/32,global,unknown,unknown,unknown,,,,,,,,,,true,discovered,2026-07-17T19:43:34.589666+00:00,2026-07-17T19:43:34.589666+00:00,,,,,github:noelmom/fireteamlabs#32,noelmom,fireteamlabs,32,https://github.com/noelmom/fireteamlabs/issues/32
GitHub,GitHub,Hardening: reject RFC 8215 local-use translation prefix in remote image URLs,https://github.com/marmot-protocol/whitenoise-mac/issues/541,https://github.com/marmot-protocol/whitenoise-mac/issues/541,global,unknown,unknown,unknown,,,,,,,,,,true,discovered,2026-07-17T19:43:34.589666+00:00,2026-07-17T19:43:34.589666+00:00,,,,,github:marmot-protocol/whitenoise-mac#541,marmot-protocol,whitenoise-mac,541,https://github.com/marmot-protocol/whitenoise-mac/issues/541
GitHub,GitHub,"SYCL build: runtime server aborts (std::terminate) on a host with no GPU, failing 9 CPU-only tests",https://github.com/iowarp/clio-core/issues/765,https://github.com/iowarp/clio-core/issues/765,global,unknown,unknown,unknown,,,,,,,,,,true,discovered,2026-07-17T19:43:34.589666+00:00,2026-07-17T19:43:34.589666+00:00,,,,,github:iowarp/clio-core#765,iowarp,clio-core,765,https://github.com/iowarp/clio-core/issues/765
GitHub,GitHub,[elredactor]-feature/sql_db-#42,https://github.com/centrocampista/elredactor/issues/16,https://github.com/centrocampista/elredactor/issues/16,global,unknown,unknown,unknown,,,,,,,,,,true,discovered,2026-07-17T19:43:34.589666+00:00,2026-07-17T19:43:34.589666+00:00,,,,,github:centrocampista/elredactor#16,centrocampista,elredactor,16,https://github.com/centrocampista/elredactor/issues/16
GitHub,GitHub,Bug: Mug 2 becomes unavailable on full update when MUG_NAME characteristic fc540001 is missing,https://github.com/sopelj/hass-ember-mug-component/issues/142,https://github.com/sopelj/hass-ember-mug-component/issues/142,global,unknown,unknown,unknown,,,,,,,,,,true,discovered,2026-07-17T19:43:34.589666+00:00,2026-07-17T19:43:34.589666+00:00,,,,,github:sopelj/hass-ember-mug-component#142,sopelj,hass-ember-mug-component,142,https://github.com/sopelj/hass-ember-mug-component/issues/142
GitHub,GitHub,Wire custom volume scope to background summarization,https://github.com/joshbotts/FRUS-Explorer/issues/367,https://github.com/joshbotts/FRUS-Explorer/issues/367,global,unknown,unknown,unknown,,,,,,,,,,true,discovered,2026-07-17T19:43:34.589666+00:00,2026-07-17T19:43:34.589666+00:00,,,,,github:joshbotts/frus-explorer#367,joshbotts,FRUS-Explorer,367,https://github.com/joshbotts/FRUS-Explorer/issues/367
GitHub,GitHub,testStep may report stale pass/fail results when derived .prg/.vs/.specOut already exist,https://github.com/c64lib/gradle-retro-assembler-plugin/issues/175,https://github.com/c64lib/gradle-retro-assembler-plugin/issues/175,global,unknown,unknown,unknown,,,,,,,,,,true,discovered,2026-07-17T19:43:34.589666+00:00,2026-07-17T19:43:34.589666+00:00,,,,,github:c64lib/gradle-retro-assembler-plugin#175,c64lib,gradle-retro-assembler-plugin,175,https://github.com/c64lib/gradle-retro-assembler-plugin/issues/175
GitHub,GitHub,Title unreadable on iOS 27,https://github.com/Aidoku/Aidoku/issues/1028,https://github.com/Aidoku/Aidoku/issues/1028,global,unknown,unknown,unknown,,,,,,,,,,true,discovered,2026-07-17T19:43:34.589666+00:00,2026-07-17T19:43:34.589666+00:00,,,,,github:aidoku/aidoku#1028,Aidoku,Aidoku,1028,https://github.com/Aidoku/Aidoku/issues/1028
GitHub,GitHub,BUG: rate-limits on complex queries to GraphQL API,https://github.com/cicirello/user-statistician/issues/315,https://github.com/cicirello/user-statistician/issues/315,global,unknown,unknown,unknown,,,,,,,,,,true,discovered,2026-07-17T19:43:34.589666+00:00,2026-07-17T19:43:34.589666+00:00,,,,,github:cicirello/user-statistician#315,cicirello,user-statistician,315,https://github.com/cicirello/user-statistician/issues/315
GitHub,GitHub,fix(playback): keep DASH player alive across queue advance in background,https://github.com/carlelieser/aria/pull/61,https://github.com/carlelieser/aria/pull/61,global,unknown,unknown,unknown,,,,,,,,,,true,discovered,2026-07-17T19:43:34.590666+00:00,2026-07-17T19:43:34.590666+00:00,,,,,github:carlelieser/aria#61,carlelieser,aria,61,https://github.com/carlelieser/aria/pull/61
GitHub,GitHub,"[Bug]: Media error when selecting some playlist in ""Add Media"" menu",https://github.com/isyuricunha/yumusic-garmin-music-app/issues/21,https://github.com/isyuricunha/yumusic-garmin-music-app/issues/21,global,unknown,unknown,unknown,,,,,,,,,,true,discovered,2026-07-17T19:43:34.590666+00:00,2026-07-17T19:43:34.590666+00:00,,,,,github:isyuricunha/yumusic-garmin-music-app#21,isyuricunha,yumusic-garmin-music-app,21,https://github.com/isyuricunha/yumusic-garmin-music-app/issues/21
GitHub,GitHub,[Bug]: Disabling options in a mod leaves the files in the deploy location,https://github.com/NiceneNerd/UKMM/issues/335,https://github.com/NiceneNerd/UKMM/issues/335,global,unknown,unknown,unknown,,,,,,,,,,true,discovered,2026-07-17T19:43:34.590666+00:00,2026-07-17T19:43:34.590666+00:00,,,,,github:nicenenerd/ukmm#335,NiceneNerd,UKMM,335,https://github.com/NiceneNerd/UKMM/issues/335
GitHub,GitHub,[Bug]: case-colliding ProfileMenu paths prevent clean Windows checkouts,https://github.com/topoteretes/cognee/issues/4113,https://github.com/topoteretes/cognee/issues/4113,global,unknown,unknown,unknown,,,,,,,,,,true,discovered,2026-07-17T19:43:34.590666+00:00,2026-07-17T19:43:34.590666+00:00,,,,,github:topoteretes/cognee#4113,topoteretes,cognee,4113,https://github.com/topoteretes/cognee/issues/4113
GitHub,GitHub,"[MODEL]  Claude refused accept that you could solve an equation using the transitive property of math, where a formula with 2 known values and one unknown could be used to calculate the unknown value",https://github.com/anthropics/claude-code/issues/78637,https://github.com/anthropics/claude-code/issues/78637,global,unknown,unknown,unknown,,,,,,,,,,true,discovered,2026-07-17T19:43:34.590666+00:00,2026-07-17T19:43:34.590666+00:00,,,,,github:anthropics/claude-code#78637,anthropics,claude-code,78637,https://github.com/anthropics/claude-code/issues/78637
GitHub,GitHub,"Live transcripts force-scroll to the bottom on every output event, making scrollback unreadable while an agent runs",https://github.com/coghex/kanban/issues/39,https://github.com/coghex/kanban/issues/39,global,unknown,unknown,unknown,,,,,,,,,,true,discovered,2026-07-17T19:43:34.590666+00:00,2026-07-17T19:43:34.590666+00:00,,,,,github:coghex/kanban#39,coghex,kanban,39,https://github.com/coghex/kanban/issues/39
GitHub,GitHub,[Windows App] Sandbox process outlives completed subagent and continues consuming memory,https://github.com/openai/codex/issues/33894,https://github.com/openai/codex/issues/33894,global,unknown,unknown,unknown,,,,,,,,,,true,discovered,2026-07-17T19:43:34.590666+00:00,2026-07-17T19:43:34.590666+00:00,,,,,github:openai/codex#33894,openai,codex,33894,https://github.com/openai/codex/issues/33894
GitHub,GitHub,"ISSUE: triage-issue has no scope-membership check — in-scope issues of an open unit must resolve on that unit's branch (fix-in-unit route, incremental replan)",https://github.com/gtrabanco/agentic-workflow/issues/87,https://github.com/gtrabanco/agentic-workflow/issues/87,global,unknown,unknown,unknown,,,,,,,,,,true,discovered,2026-07-17T19:43:35.402524+00:00,2026-07-17T19:43:35.402524+00:00,,,,,github:gtrabanco/agentic-workflow#87,gtrabanco,agentic-workflow,87,https://github.com/gtrabanco/agentic-workflow/issues/87
GitHub,GitHub,"Funnel string-pulling: hug the clearance-grown terrain boundary along straightaways, not just at corners",https://github.com/Lacaedemon/sparta/issues/944,https://github.com/Lacaedemon/sparta/issues/944,global,unknown,unknown,unknown,,,,,,,,,,true,discovered,2026-07-17T19:43:35.402524+00:00,2026-07-17T19:43:35.402524+00:00,,,,,github:lacaedemon/sparta#944,Lacaedemon,sparta,944,https://github.com/Lacaedemon/sparta/issues/944
GitHub,GitHub,feat(escalation): per-step retries with terminal state (RFC 0006),https://github.com/Heva-Co/piro/pull/182,https://github.com/Heva-Co/piro/pull/182,global,unknown,unknown,unknown,,,,,,,,,,true,discovered,2026-07-17T19:43:35.402524+00:00,2026-07-17T19:43:35.402524+00:00,,,,,github:heva-co/piro#182,Heva-Co,piro,182,https://github.com/Heva-Co/piro/pull/182
GitHub,GitHub,Fix: duplicate items in cart,https://github.com/mariohbrino/sleepoutsidewdd330/pull/31,https://github.com/mariohbrino/sleepoutsidewdd330/pull/31,global,unknown,unknown,unknown,,,,,,,,,,true,discovered,2026-07-17T19:43:35.402524+00:00,2026-07-17T19:43:35.402524+00:00,,,,,github:mariohbrino/sleepoutsidewdd330#31,mariohbrino,sleepoutsidewdd330,31,https://github.com/mariohbrino/sleepoutsidewdd330/pull/31
GitHub,GitHub,"Working on #6, Hello World in Node express",https://github.com/Solracs/vibecoding-security-benchmark/pull/8,https://github.com/Solracs/vibecoding-security-benchmark/pull/8,global,unknown,unknown,unknown,,,,,,,,,,true,discovered,2026-07-17T19:43:35.402524+00:00,2026-07-17T19:43:35.402524+00:00,,,,,github:solracs/vibecoding-security-benchmark#8,Solracs,vibecoding-security-benchmark,8,https://github.com/Solracs/vibecoding-security-benchmark/pull/8
GitHub,GitHub,Add PWA support,https://github.com/yash91sharma/billa-gates/issues/2,https://github.com/yash91sharma/billa-gates/issues/2,global,unknown,unknown,unknown,,,,,,,,,,true,discovered,2026-07-17T19:43:35.402524+00:00,2026-07-17T19:43:35.402524+00:00,,,,,github:yash91sharma/billa-gates#2,yash91sharma,billa-gates,2,https://github.com/yash91sharma/billa-gates/issues/2
GitHub,GitHub,feat: probe-band-links v3 — engine-agnostic web-search fallback,https://github.com/BreakableHoodie/settimesdotca/pull/629,https://github.com/BreakableHoodie/settimesdotca/pull/629,global,unknown,unknown,unknown,,,,,,,,,,true,discovered,2026-07-17T19:43:35.402524+00:00,2026-07-17T19:43:35.402524+00:00,,,,,github:breakablehoodie/settimesdotca#629,BreakableHoodie,settimesdotca,629,https://github.com/BreakableHoodie/settimesdotca/pull/629
GitHub,GitHub,[SM] Dividir falas entre os 28 membros da equipe,https://github.com/Portal-Conecta/gestao-sm/issues/22,https://github.com/Portal-Conecta/gestao-sm/issues/22,global,unknown,unknown,unknown,,,,,,,,,,true,discovered,2026-07-17T19:43:35.402524+00:00,2026-07-17T19:43:35.402524+00:00,,,,,github:portal-conecta/gestao-sm#22,Portal-Conecta,gestao-sm,22,https://github.com/Portal-Conecta/gestao-sm/issues/22
GitHub,GitHub,ISSUE: triage-issue fix-now on an open unit bypasses the fold ledger — append a provenance-marked row so fold-findings runs one queue,https://github.com/gtrabanco/agentic-workflow/issues/86,https://github.com/gtrabanco/agentic-workflow/issues/86,global,unknown,unknown,unknown,,,,,,,,,,true,discovered,2026-07-17T19:43:35.402524+00:00,2026-07-17T19:43:35.402524+00:00,,,,,github:gtrabanco/agentic-workflow#86,gtrabanco,agentic-workflow,86,https://github.com/gtrabanco/agentic-workflow/issues/86
GitHub,GitHub,ID field,https://github.com/gacsilva2005/API-rest-learning/pull/7,https://github.com/gacsilva2005/API-rest-learning/pull/7,global,unknown,unknown,unknown,,,,,,,,,,true,discovered,2026-07-17T19:43:35.402524+00:00,2026-07-17T19:43:35.402524+00:00,,,,,github:gacsilva2005/api-rest-learning#7,gacsilva2005,API-rest-learning,7,https://github.com/gacsilva2005/API-rest-learning/pull/7
GitHub,GitHub,[Auto-Trace] 🛡️ Sentinel: [CRITICAL] Fix DoS via memory exhaustion in S3 list handler,https://github.com/alsotoes/momo/issues/295,https://github.com/alsotoes/momo/issues/295,global,unknown,unknown,unknown,,,,,,,,,,true,discovered,2026-07-17T19:43:35.402524+00:00,2026-07-17T19:43:35.402524+00:00,,,,,github:alsotoes/momo#295,alsotoes,momo,295,https://github.com/alsotoes/momo/issues/295
GitHub,GitHub,variants: broaden corruption auto-repair (format-swap recovery + optional corrupted-source backup),https://github.com/zudolab/zudo-image-tweaker/issues/99,https://github.com/zudolab/zudo-image-tweaker/issues/99,global,unknown,unknown,unknown,,,,,,,,,,true,discovered,2026-07-17T19:43:35.402524+00:00,2026-07-17T19:43:35.402524+00:00,,,,,github:zudolab/zudo-image-tweaker#99,zudolab,zudo-image-tweaker,99,https://github.com/zudolab/zudo-image-tweaker/issues/99
GitHub,GitHub,建议可选隐藏`主题`按钮,https://github.com/HeiGeAi/heige-codex-skin-studio/issues/8,https://github.com/HeiGeAi/heige-codex-skin-studio/issues/8,global,unknown,unknown,unknown,,,,,,,,,,true,discovered,2026-07-17T19:43:35.402524+00:00,2026-07-17T19:43:35.402524+00:00,,,,,github:heigeai/heige-codex-skin-studio#8,HeiGeAi,heige-codex-skin-studio,8,https://github.com/HeiGeAi/heige-codex-skin-studio/issues/8
GitHub,GitHub,Nullable outputs (IDL flag) + streamable MAMA-as-MAType arm,https://github.com/TA-Lib/ta-lib/issues/125,https://github.com/TA-Lib/ta-lib/issues/125,global,unknown,unknown,unknown,,,,,,,,,,true,discovered,2026-07-17T19:43:35.402524+00:00,2026-07-17T19:43:35.402524+00:00,,,,,github:ta-lib/ta-lib#125,TA-Lib,ta-lib,125,https://github.com/TA-Lib/ta-lib/issues/125
GitHub,GitHub,feat: Ondas 1–3 do roadmap + redesenho do modal Novo Terminal,https://github.com/felipeabreu2/orkestra/pull/1,https://github.com/felipeabreu2/orkestra/pull/1,global,unknown,unknown,unknown,,,,,,,,,,true,discovered,2026-07-17T19:43:35.402524+00:00,2026-07-17T19:43:35.402524+00:00,,,,,github:felipeabreu2/orkestra#1,felipeabreu2,orkestra,1,https://github.com/felipeabreu2/orkestra/pull/1
GitHub,GitHub,Create build CI,https://github.com/letsdevapps/go-rest/issues/1,https://github.com/letsdevapps/go-rest/issues/1,global,unknown,unknown,unknown,,,,,,,,,,true,discovered,2026-07-17T19:43:35.402524+00:00,2026-07-17T19:43:35.402524+00:00,,,,,github:letsdevapps/go-rest#1,letsdevapps,go-rest,1,https://github.com/letsdevapps/go-rest/issues/1
GitHub,GitHub,logout button front-end,https://github.com/berylllium/harmony/issues/7,https://github.com/berylllium/harmony/issues/7,global,unknown,unknown,unknown,,,,,,,,,,true,discovered,2026-07-17T19:43:35.402524+00:00,2026-07-17T19:43:35.402524+00:00,,,,,github:berylllium/harmony#7,berylllium,harmony,7,https://github.com/berylllium/harmony/issues/7
GitHub,GitHub,Video player loop feature,https://github.com/cloudreve/cloudreve/issues/3508,https://github.com/cloudreve/cloudreve/issues/3508,global,unknown,unknown,unknown,,,,,,,,,,true,discovered,2026-07-17T19:43:35.402524+00:00,2026-07-17T19:43:35.402524+00:00,,,,,github:cloudreve/cloudreve#3508,cloudreve,cloudreve,3508,https://github.com/cloudreve/cloudreve/issues/3508
GitHub,GitHub,Community rate-limit response should include an upgrade path,https://github.com/octopusreview/octopus/issues/621,https://github.com/octopusreview/octopus/issues/621,global,unknown,unknown,unknown,,,,,,,,,,true,discovered,2026-07-17T19:43:35.402524+00:00,2026-07-17T19:43:35.402524+00:00,,,,,github:octopusreview/octopus#621,octopusreview,octopus,621,https://github.com/octopusreview/octopus/issues/621
GitHub,GitHub,Bump `aws-cli` version to 2.36.2,https://github.com/jenkins-infra/jenkins-infra/pull/4969,https://github.com/jenkins-infra/jenkins-infra/pull/4969,global,unknown,unknown,unknown,,,,,,,,,,true,discovered,2026-07-17T19:43:35.402524+00:00,2026-07-17T19:43:35.402524+00:00,,,,,github:jenkins-infra/jenkins-infra#4969,jenkins-infra,jenkins-infra,4969,https://github.com/jenkins-infra/jenkins-infra/pull/4969
GitHub,GitHub,Notifications internes,https://github.com/Pokebeer-Inc/pokebeer/issues/58,https://github.com/Pokebeer-Inc/pokebeer/issues/58,global,unknown,unknown,unknown,,,,,,,,,,true,discovered,2026-07-17T19:43:35.402524+00:00,2026-07-17T19:43:35.402524+00:00,,,,,github:pokebeer-inc/pokebeer#58,Pokebeer-Inc,pokebeer,58,https://github.com/Pokebeer-Inc/pokebeer/issues/58
GitHub,GitHub,Bundle consecutive voice notes from the same sender into one transcript,https://github.com/neoromantic/hermes-telegram-business/issues/9,https://github.com/neoromantic/hermes-telegram-business/issues/9,global,unknown,unknown,unknown,,,,,,,,,,true,discovered,2026-07-17T19:43:35.402524+00:00,2026-07-17T19:43:35.402524+00:00,,,,,github:neoromantic/hermes-telegram-business#9,neoromantic,hermes-telegram-business,9,https://github.com/neoromantic/hermes-telegram-business/issues/9
GitHub,GitHub,"Publish raw transcripts immediately, then replace them with cleaned text in place",https://github.com/neoromantic/hermes-telegram-business/issues/8,https://github.com/neoromantic/hermes-telegram-business/issues/8,global,unknown,unknown,unknown,,,,,,,,,,true,discovered,2026-07-17T19:43:35.402524+00:00,2026-07-17T19:43:35.402524+00:00,,,,,github:neoromantic/hermes-telegram-business#8,neoromantic,hermes-telegram-business,8,https://github.com/neoromantic/hermes-telegram-business/issues/8
GitHub,GitHub,feat(svg): named rows for configured external repos,https://github.com/TurboCoder13/git-replay/issues/40,https://github.com/TurboCoder13/git-replay/issues/40,global,unknown,unknown,unknown,,,,,,,,,,true,discovered,2026-07-17T19:43:35.402524+00:00,2026-07-17T19:43:35.402524+00:00,,,,,github:turbocoder13/git-replay#40,TurboCoder13,git-replay,40,https://github.com/TurboCoder13/git-replay/issues/40
GitHub,GitHub,feat(render): light-mode SVG variants,https://github.com/TurboCoder13/git-replay/issues/39,https://github.com/TurboCoder13/git-replay/issues/39,global,unknown,unknown,unknown,,,,,,,,,,true,discovered,2026-07-17T19:43:35.402524+00:00,2026-07-17T19:43:35.402524+00:00,,,,,github:turbocoder13/git-replay#39,TurboCoder13,git-replay,39,https://github.com/TurboCoder13/git-replay/issues/39
GitHub,GitHub,feat(render): data-as-of stamp on widgets and page,https://github.com/TurboCoder13/git-replay/issues/38,https://github.com/TurboCoder13/git-replay/issues/38,global,unknown,unknown,unknown,,,,,,,,,,true,discovered,2026-07-17T19:43:35.402524+00:00,2026-07-17T19:43:35.402524+00:00,,,,,github:turbocoder13/git-replay#38,TurboCoder13,git-replay,38,https://github.com/TurboCoder13/git-replay/issues/38
GitHub,GitHub,perf(fetch): incremental fetch via cached commit logs,https://github.com/TurboCoder13/git-replay/issues/37,https://github.com/TurboCoder13/git-replay/issues/37,global,unknown,unknown,unknown,,,,,,,,,,true,discovered,2026-07-17T19:43:35.402524+00:00,2026-07-17T19:43:35.402524+00:00,,,,,github:turbocoder13/git-replay#37,TurboCoder13,git-replay,37,https://github.com/TurboCoder13/git-replay/issues/37
GitHub,GitHub,perf(fetch): parallelize repo clone fan-out,https://github.com/TurboCoder13/git-replay/issues/36,https://github.com/TurboCoder13/git-replay/issues/36,global,unknown,unknown,unknown,,,,,,,,,,true,discovered,2026-07-17T19:43:35.402524+00:00,2026-07-17T19:43:35.402524+00:00,,,,,github:turbocoder13/git-replay#36,TurboCoder13,git-replay,36,https://github.com/TurboCoder13/git-replay/issues/36
GitHub,GitHub,feat(detector): vocal-gate calibration tooling (sweep + validation) (#510),https://github.com/doxazo-net/canticle/pull/512,https://github.com/doxazo-net/canticle/pull/512,global,unknown,unknown,unknown,,,,,,,,,,true,discovered,2026-07-17T19:43:35.402524+00:00,2026-07-17T19:43:35.402524+00:00,,,,,github:doxazo-net/canticle#512,doxazo-net,canticle,512,https://github.com/doxazo-net/canticle/pull/512
GitHub,GitHub,Write unit tests for UserService and TaskService,https://github.com/mehrzadmh/taskmanager/issues/2,https://github.com/mehrzadmh/taskmanager/issues/2,global,unknown,unknown,unknown,,,,,,,,,,true,discovered,2026-07-17T19:43:35.402524+00:00,2026-07-17T19:43:35.402524+00:00,,,,,github:mehrzadmh/taskmanager#2,mehrzadmh,taskmanager,2,https://github.com/mehrzadmh/taskmanager/issues/2
GitHub,GitHub,docs: add comprehensive framework audit report,https://github.com/SAPTARSHI-coder/EaseMotion-css/pull/49462,https://github.com/SAPTARSHI-coder/EaseMotion-css/pull/49462,global,unknown,unknown,unknown,,,,,,,,,,true,discovered,2026-07-17T19:45:04.043004+00:00,2026-07-17T19:45:04.043004+00:00,,,,,github:saptarshi-coder/easemotion-css#49462,SAPTARSHI-coder,EaseMotion-css,49462,https://github.com/SAPTARSHI-coder/EaseMotion-css/pull/49462
GitHub,GitHub,test: issue-claim workflow verification (please ignore),https://github.com/OpenAgentHQ/modeldock/issues/6,https://github.com/OpenAgentHQ/modeldock/issues/6,global,unknown,unknown,unknown,,,,,,,,,,true,discovered,2026-07-17T19:45:04.043004+00:00,2026-07-17T19:45:04.043004+00:00,,,,,github:openagenthq/modeldock#6,OpenAgentHQ,modeldock,6,https://github.com/OpenAgentHQ/modeldock/issues/6
GitHub,GitHub,docs: add comprehensive framework audit report,https://github.com/SAPTARSHI-coder/EaseMotion-css/pull/49462,https://github.com/SAPTARSHI-coder/EaseMotion-css/pull/49462,global,unknown,unknown,unknown,,,,,,,,,,true,discovered,2026-07-17T19:45:04.764881+00:00,2026-07-17T19:45:04.764881+00:00,,,,,github:saptarshi-coder/easemotion-css#49462,SAPTARSHI-coder,EaseMotion-css,49462,https://github.com/SAPTARSHI-coder/EaseMotion-css/pull/49462
GitHub,GitHub,BUG-742 P0: HMM Evolution batch worker ignores candidate_concurrency and reloads shared inputs per evaluation,https://github.com/licong01-cloud/AIstock/issues/2394,https://github.com/licong01-cloud/AIstock/issues/2394,global,unknown,unknown,unknown,,,,,,,,,,true,discovered,2026-07-17T19:45:07.699363+00:00,2026-07-17T19:45:07.699363+00:00,,,,,github:licong01-cloud/aistock#2394,licong01-cloud,AIstock,2394,https://github.com/licong01-cloud/AIstock/issues/2394
GitHub,GitHub,"[Issue]: v2.3.3 — ""Choose resolution from character count"" has no effect",https://github.com/Pasta-Devs/Marinara-Engine/issues/3758,https://github.com/Pasta-Devs/Marinara-Engine/issues/3758,global,unknown,unknown,unknown,,,,,,,,,,true,discovered,2026-07-17T19:45:07.699363+00:00,2026-07-17T19:45:07.699363+00:00,,,,,github:pasta-devs/marinara-engine#3758,Pasta-Devs,Marinara-Engine,3758,https://github.com/Pasta-Devs/Marinara-Engine/issues/3758
GitHub,GitHub,"extension: shipped manifest declares 3 host_permissions the prod build never uses (HF, jsDelivr)",https://github.com/kimtos-labs/kimtos-core/issues/664,https://github.com/kimtos-labs/kimtos-core/issues/664,global,unknown,unknown,unknown,,,,,,,,,,true,discovered,2026-07-17T19:45:07.699363+00:00,2026-07-17T19:45:07.699363+00:00,,,,,github:kimtos-labs/kimtos-core#664,kimtos-labs,kimtos-core,664,https://github.com/kimtos-labs/kimtos-core/issues/664
GitHub,GitHub,security: guest support token keeps working after its conversation is attached to an account (IDOR),https://github.com/kimtos-labs/kimtos-core/issues/663,https://github.com/kimtos-labs/kimtos-core/issues/663,global,unknown,unknown,unknown,,,,,,,,,,true,discovered,2026-07-17T19:45:07.699363+00:00,2026-07-17T19:45:07.699363+00:00,,,,,github:kimtos-labs/kimtos-core#663,kimtos-labs,kimtos-core,663,https://github.com/kimtos-labs/kimtos-core/issues/663
GitHub,GitHub,Scores: cancel fences grow unbounded for process lifetime (tier_row_run_registry),https://github.com/SteveDraper/Planets-Console/issues/245,https://github.com/SteveDraper/Planets-Console/issues/245,global,unknown,unknown,unknown,,,,,,,,,,true,discovered,2026-07-17T19:45:07.699363+00:00,2026-07-17T19:45:07.699363+00:00,,,,,github:stevedraper/planets-console#245,SteveDraper,Planets-Console,245,https://github.com/SteveDraper/Planets-Console/issues/245
GitHub,GitHub,billing: Dodo first-payment grant depends on unverified metadata.userId on subscription webhooks,https://github.com/kimtos-labs/kimtos-core/issues/662,https://github.com/kimtos-labs/kimtos-core/issues/662,global,unknown,unknown,unknown,,,,,,,,,,true,discovered,2026-07-17T19:45:07.699363+00:00,2026-07-17T19:45:07.699363+00:00,,,,,github:kimtos-labs/kimtos-core#662,kimtos-labs,kimtos-core,662,https://github.com/kimtos-labs/kimtos-core/issues/662
GitHub,GitHub,billing: DODO_ENVIRONMENT defaults to test_mode — prod can silently take no real money,https://github.com/kimtos-labs/kimtos-core/issues/661,https://github.com/kimtos-labs/kimtos-core/issues/661,global,unknown,unknown,unknown,,,,,,,,,,true,discovered,2026-07-17T19:45:07.699363+00:00,2026-07-17T19:45:07.699363+00:00,,,,,github:kimtos-labs/kimtos-core#661,kimtos-labs,kimtos-core,661,https://github.com/kimtos-labs/kimtos-core/issues/661
GitHub,GitHub,"Every gh IOException is reported as NOT INSTALLED, and process output goes through fragile locale String decoding",https://github.com/coghex/kanban/issues/42,https://github.com/coghex/kanban/issues/42,global,unknown,unknown,unknown,,,,,,,,,,true,discovered,2026-07-17T19:45:07.699363+00:00,2026-07-17T19:45:07.699363+00:00,,,,,github:coghex/kanban#42,coghex,kanban,42,https://github.com/coghex/kanban/issues/42
GitHub,GitHub,security: rate limiting collapses to a single global bucket (trust proxy off),https://github.com/kimtos-labs/kimtos-core/issues/660,https://github.com/kimtos-labs/kimtos-core/issues/660,global,unknown,unknown,unknown,,,,,,,,,,true,discovered,2026-07-17T19:45:07.699363+00:00,2026-07-17T19:45:07.699363+00:00,,,,,github:kimtos-labs/kimtos-core#660,kimtos-labs,kimtos-core,660,https://github.com/kimtos-labs/kimtos-core/issues/660
GitHub,GitHub,BUG: WinUI AddTurnAsync 的 session 回退路径在 sessionId 失效时静默丢消息,https://github.com/ryanloee/VaultPilot/issues/3046,https://github.com/ryanloee/VaultPilot/issues/3046,global,unknown,unknown,unknown,,,,,,,,,,true,discovered,2026-07-17T19:45:07.699363+00:00,2026-07-17T19:45:07.699363+00:00,,,,,github:ryanloee/vaultpilot#3046,ryanloee,VaultPilot,3046,https://github.com/ryanloee/VaultPilot/issues/3046
GitHub,GitHub,from_utf8_unchecked on non-UTF-8 network interface names,https://github.com/GuillaumeGomez/sysinfo/issues/1704,https://github.com/GuillaumeGomez/sysinfo/issues/1704,global,unknown,unknown,unknown,,,,,,,,,,true,discovered,2026-07-17T19:45:07.699363+00:00,2026-07-17T19:45:07.699363+00:00,,,,,github:guillaumegomez/sysinfo#1704,GuillaumeGomez,sysinfo,1704,https://github.com/GuillaumeGomez/sysinfo/issues/1704
GitHub,GitHub,create_chat-created chats: multi-chat pill is non-responsive,https://github.com/microsoft/vscode/issues/326392,https://github.com/microsoft/vscode/issues/326392,global,unknown,unknown,unknown,,,,,,,,,,true,discovered,2026-07-17T19:45:07.699363+00:00,2026-07-17T19:45:07.699363+00:00,,,,,github:microsoft/vscode#326392,microsoft,vscode,326392,https://github.com/microsoft/vscode/issues/326392
GitHub,GitHub,RealChute fixes and tests,https://github.com/krpc/krpc/pull/960,https://github.com/krpc/krpc/pull/960,global,unknown,unknown,unknown,,,,,,,,,,true,discovered,2026-07-17T19:45:07.699363+00:00,2026-07-17T19:45:07.699363+00:00,,,,,github:krpc/krpc#960,krpc,krpc,960,https://github.com/krpc/krpc/pull/960
GitHub,GitHub,Music Slider not working in canary,https://github.com/Quaver/Quaver/issues/4820,https://github.com/Quaver/Quaver/issues/4820,global,unknown,unknown,unknown,,,,,,,,,,true,discovered,2026-07-17T19:45:07.699363+00:00,2026-07-17T19:45:07.699363+00:00,,,,,github:quaver/quaver#4820,Quaver,Quaver,4820,https://github.com/Quaver/Quaver/issues/4820
GitHub,GitHub,fix(gifts): received sticker overlaps the hover edit control on gift cards — move to bottom-right of image,https://github.com/MartinoPolo/prejemesi/issues/184,https://github.com/MartinoPolo/prejemesi/issues/184,global,unknown,unknown,unknown,,,,,,,,,,true,discovered,2026-07-17T19:45:07.699363+00:00,2026-07-17T19:45:07.699363+00:00,,,,,github:martinopolo/prejemesi#184,MartinoPolo,prejemesi,184,https://github.com/MartinoPolo/prejemesi/issues/184
GitHub,GitHub,BUG: Unwanted entities when running Cross-Reference,https://github.com/openaleph/openaleph/issues/116,https://github.com/openaleph/openaleph/issues/116,global,unknown,unknown,unknown,,,,,,,,,,true,discovered,2026-07-17T19:45:07.699363+00:00,2026-07-17T19:45:07.699363+00:00,,,,,github:openaleph/openaleph#116,openaleph,openaleph,116,https://github.com/openaleph/openaleph/issues/116
GitHub,GitHub,fix(ui): Stop doesn't abort in-flight chat generation — cancel only observed at step boundaries,https://github.com/amd/gaia/issues/2157,https://github.com/amd/gaia/issues/2157,global,unknown,unknown,unknown,,,,,,,,,,true,discovered,2026-07-17T19:45:07.699363+00:00,2026-07-17T19:45:07.699363+00:00,,,,,github:amd/gaia#2157,amd,gaia,2157,https://github.com/amd/gaia/issues/2157
GitHub,GitHub,GraphQL string variables passed with gh -F typed coercion — all-numeric owner or repo names break every refresh,https://github.com/coghex/kanban/issues/41,https://github.com/coghex/kanban/issues/41,global,unknown,unknown,unknown,,,,,,,,,,true,discovered,2026-07-17T19:45:07.699363+00:00,2026-07-17T19:45:07.699363+00:00,,,,,github:coghex/kanban#41,coghex,kanban,41,https://github.com/coghex/kanban/issues/41
GitHub,GitHub,fix(accountapp) ensure a trailing slash is defined in APP_URL,https://github.com/jenkins-infra/helm-charts/pull/1997,https://github.com/jenkins-infra/helm-charts/pull/1997,global,unknown,unknown,unknown,,,,,,,,,,true,discovered,2026-07-17T19:45:07.699363+00:00,2026-07-17T19:45:07.699363+00:00,,,,,github:jenkins-infra/helm-charts#1997,jenkins-infra,helm-charts,1997,https://github.com/jenkins-infra/helm-charts/pull/1997
GitHub,GitHub,[Bugfix][Parser] Ignore trailing text in Mistral v11 tool args,https://github.com/vllm-project/vllm/pull/48976,https://github.com/vllm-project/vllm/pull/48976,global,unknown,unknown,unknown,,,,,,,,,,true,discovered,2026-07-17T19:45:07.699363+00:00,2026-07-17T19:45:07.699363+00:00,,,,,github:vllm-project/vllm#48976,vllm-project,vllm,48976,https://github.com/vllm-project/vllm/pull/48976
GitHub,GitHub,Refactoring and modularization,https://github.com/xavier-arosemena/roo-plus/issues/30,https://github.com/xavier-arosemena/roo-plus/issues/30,global,unknown,unknown,unknown,,,,,,,,,,true,discovered,2026-07-17T19:45:08.628201+00:00,2026-07-17T19:45:08.628201+00:00,,,,,github:xavier-arosemena/roo-plus#30,xavier-arosemena,roo-plus,30,https://github.com/xavier-arosemena/roo-plus/issues/30
GitHub,GitHub,"feat: melhora performance do mural, catálogo de destinatários e wizards de comunicados",https://github.com/Portal-Conecta/frontend/pull/423,https://github.com/Portal-Conecta/frontend/pull/423,global,unknown,unknown,unknown,,,,,,,,,,true,discovered,2026-07-17T19:45:08.628201+00:00,2026-07-17T19:45:08.628201+00:00,,,,,github:portal-conecta/frontend#423,Portal-Conecta,frontend,423,https://github.com/Portal-Conecta/frontend/pull/423
GitHub,GitHub,Do OAuth for Todoist API Calls,https://github.com/hasii2011/gitissue2todoist/issues/14,https://github.com/hasii2011/gitissue2todoist/issues/14,global,unknown,unknown,unknown,,,,,,,,,,true,discovered,2026-07-17T19:45:08.628201+00:00,2026-07-17T19:45:08.628201+00:00,,,,,github:hasii2011/gitissue2todoist#14,hasii2011,gitissue2todoist,14,https://github.com/hasii2011/gitissue2todoist/issues/14
GitHub,GitHub,"[Feature Request]: Export/Import option for ""Hide videos from channels""",https://github.com/FreeTubeApp/FreeTube/issues/9448,https://github.com/FreeTubeApp/FreeTube/issues/9448,global,unknown,unknown,unknown,,,,,,,,,,true,discovered,2026-07-17T19:45:08.628201+00:00,2026-07-17T19:45:08.628201+00:00,,,,,github:freetubeapp/freetube#9448,FreeTubeApp,FreeTube,9448,https://github.com/FreeTubeApp/FreeTube/issues/9448
GitHub,GitHub,"feat(framework): ""New activity"" notifications category (#627)",https://github.com/gemstack-land/gemstack/pull/670,https://github.com/gemstack-land/gemstack/pull/670,global,unknown,unknown,unknown,,,,,,,,,,true,discovered,2026-07-17T19:45:08.628201+00:00,2026-07-17T19:45:08.628201+00:00,,,,,github:gemstack-land/gemstack#670,gemstack-land,gemstack,670,https://github.com/gemstack-land/gemstack/pull/670
GitHub,GitHub,Refactor DSCensor Schema,https://github.com/legumeinfo/microservices/issues/1119,https://github.com/legumeinfo/microservices/issues/1119,global,unknown,unknown,unknown,,,,,,,,,,true,discovered,2026-07-17T19:45:08.628201+00:00,2026-07-17T19:45:08.628201+00:00,,,,,github:legumeinfo/microservices#1119,legumeinfo,microservices,1119,https://github.com/legumeinfo/microservices/issues/1119
GitHub,GitHub,Feature Request: Implement Action-Oriented Notifications (RFC),https://github.com/WAF2p/pass/issues/39,https://github.com/WAF2p/pass/issues/39,global,unknown,unknown,unknown,,,,,,,,,,true,discovered,2026-07-17T19:45:08.628201+00:00,2026-07-17T19:45:08.628201+00:00,,,,,github:waf2p/pass#39,WAF2p,pass,39,https://github.com/WAF2p/pass/issues/39
GitHub,GitHub,[SM] Revisar apresentações com professores e tech leads,https://github.com/Portal-Conecta/gestao-sm/issues/23,https://github.com/Portal-Conecta/gestao-sm/issues/23,global,unknown,unknown,unknown,,,,,,,,,,true,discovered,2026-07-17T19:45:08.628201+00:00,2026-07-17T19:45:08.628201+00:00,,,,,github:portal-conecta/gestao-sm#23,Portal-Conecta,gestao-sm,23,https://github.com/Portal-Conecta/gestao-sm/issues/23
GitHub,GitHub,Update npm packages,https://github.com/highfivve/moli-ad-tag/pull/557,https://github.com/highfivve/moli-ad-tag/pull/557,global,unknown,unknown,unknown,,,,,,,,,,true,discovered,2026-07-17T19:45:08.628201+00:00,2026-07-17T19:45:08.628201+00:00,,,,,github:highfivve/moli-ad-tag#557,highfivve,moli-ad-tag,557,https://github.com/highfivve/moli-ad-tag/pull/557
GitHub,GitHub,feat(gifts): move edited-after-share indicator to a muted line in gift detail — remove card info icon,https://github.com/MartinoPolo/prejemesi/issues/185,https://github.com/MartinoPolo/prejemesi/issues/185,global,unknown,unknown,unknown,,,,,,,,,,true,discovered,2026-07-17T19:45:08.628201+00:00,2026-07-17T19:45:08.628201+00:00,,,,,github:martinopolo/prejemesi#185,MartinoPolo,prejemesi,185,https://github.com/MartinoPolo/prejemesi/issues/185
GitHub,GitHub,[dev0.1.X] Evaluate Whether Vuestic UI Is Worth Adopting Across CopyMyPage,https://github.com/marc-heinrich/CopyMyPage/issues/122,https://github.com/marc-heinrich/CopyMyPage/issues/122,global,unknown,unknown,unknown,,,,,,,,,,true,discovered,2026-07-17T19:45:08.628201+00:00,2026-07-17T19:45:08.628201+00:00,,,,,github:marc-heinrich/copymypage#122,marc-heinrich,CopyMyPage,122,https://github.com/marc-heinrich/CopyMyPage/issues/122
GitHub,GitHub,[Feature Request] Add Windows Arm build,https://github.com/aandrew-me/ytDownloader/issues/472,https://github.com/aandrew-me/ytDownloader/issues/472,global,unknown,unknown,unknown,,,,,,,,,,true,discovered,2026-07-17T19:45:08.628201+00:00,2026-07-17T19:45:08.628201+00:00,,,,,github:aandrew-me/ytdownloader#472,aandrew-me,ytDownloader,472,https://github.com/aandrew-me/ytDownloader/issues/472
GitHub,GitHub,[logging] App server request logging — adopt the shared logger,https://github.com/larryosborn/orleans/issues/52,https://github.com/larryosborn/orleans/issues/52,global,unknown,unknown,unknown,,,,,,,,,,true,discovered,2026-07-17T19:45:08.628201+00:00,2026-07-17T19:45:08.628201+00:00,,,,,github:larryosborn/orleans#52,larryosborn,orleans,52,https://github.com/larryosborn/orleans/issues/52
GitHub,GitHub,"Modernise layout with bslib cards, layout_sidebar and value_box",https://github.com/pinin4fjords/shinyngs/pull/165,https://github.com/pinin4fjords/shinyngs/pull/165,global,unknown,unknown,unknown,,,,,,,,,,true,discovered,2026-07-17T19:45:08.628201+00:00,2026-07-17T19:45:08.628201+00:00,,,,,github:pinin4fjords/shinyngs#165,pinin4fjords,shinyngs,165,https://github.com/pinin4fjords/shinyngs/pull/165
GitHub,GitHub,Webapp login and shop,https://github.com/Solracs/vibecoding-security-benchmark/pull/9,https://github.com/Solracs/vibecoding-security-benchmark/pull/9,global,unknown,unknown,unknown,,,,,,,,,,true,discovered,2026-07-17T19:45:08.628201+00:00,2026-07-17T19:45:08.628201+00:00,,,,,github:solracs/vibecoding-security-benchmark#9,Solracs,vibecoding-security-benchmark,9,https://github.com/Solracs/vibecoding-security-benchmark/pull/9
GitHub,GitHub,Abstract and description management,https://github.com/kbss-cvut/termit-ui/issues/826,https://github.com/kbss-cvut/termit-ui/issues/826,global,unknown,unknown,unknown,,,,,,,,,,true,discovered,2026-07-17T19:45:08.628201+00:00,2026-07-17T19:45:08.628201+00:00,,,,,github:kbss-cvut/termit-ui#826,kbss-cvut,termit-ui,826,https://github.com/kbss-cvut/termit-ui/issues/826
GitHub,GitHub,"fix(web): count only focused, open todos in the nav badge",https://github.com/silverbucket/inbox-rs/pull/185,https://github.com/silverbucket/inbox-rs/pull/185,global,unknown,unknown,unknown,,,,,,,,,,true,discovered,2026-07-17T19:45:08.628201+00:00,2026-07-17T19:45:08.628201+00:00,,,,,github:silverbucket/inbox-rs#185,silverbucket,inbox-rs,185,https://github.com/silverbucket/inbox-rs/pull/185
global_discovery_hub,,,[ Crypto ] Fix phantom reward accrual after period expiry in YieldVault,https://github.com/UnsafeLabs/Bounty-Hunters/issues/914,,,,,,,,,,,,,,,DISCOVERED,2026-07-18T17:15:16.147931+00:00,,85,105.0,PROMOTED,no_amount_signal,github:unsafelabs/bounty-hunters#914,UnsafeLabs,Bounty-Hunters,914,https://github.com/UnsafeLabs/Bounty-Hunters/issues/914
global_discovery_hub,,,[Bounty] [Bounty] [Bounty] [Bounty] [Bounty] [BUG] Blind SSRF via DNS Rebinding Bypass $1,https://github.com/zhangjiayang6835-cyber/bounty-plaza/issues/245,,,,,,,,,,,,,,,DISCOVERED,2026-07-18T17:15:16.147931+00:00,,50,95.0,PROMOTED,qualified_economic_opportunity,github:zhangjiayang6835-cyber/bounty-plaza#245,zhangjiayang6835-cyber,bounty-plaza,245,https://github.com/zhangjiayang6835-cyber/bounty-plaza/issues/245
global_discovery_hub,,,[Bounty] [Bounty] [Bounty] [Bounty] [BUG] LDAP Injection → Anonymous Bind Bypass $120,https://github.com/zhangjiayang6835-cyber/bounty-plaza/issues/201,,,,,,,,,,,,,,,DISCOVERED,2026-07-18T17:15:16.147931+00:00,,50,95.0,PROMOTED,qualified_economic_opportunity,github:zhangjiayang6835-cyber/bounty-plaza#201,zhangjiayang6835-cyber,bounty-plaza,201,https://github.com/zhangjiayang6835-cyber/bounty-plaza/issues/201
global_discovery_hub,,,[Bounty] [Bounty] [Bounty] [Bounty] [BUG] Blind SSRF via DNS Rebinding Bypass $150,https://github.com/zhangjiayang6835-cyber/bounty-plaza/issues/191,,,,,,,,,,,,,,,DISCOVERED,2026-07-18T17:15:16.147931+00:00,,50,95.0,PROMOTED,qualified_economic_opportunity,github:zhangjiayang6835-cyber/bounty-plaza#191,zhangjiayang6835-cyber,bounty-plaza,191,https://github.com/zhangjiayang6835-cyber/bounty-plaza/issues/191
global_discovery_hub,,,[Bounty] [Bounty] [Bounty] [Bounty] [BUG] Bleichenbacher Oracle in RSA-OAEP Decryption $2,https://github.com/zhangjiayang6835-cyber/bounty-plaza/issues/186,,,,,,,,,,,,,,,DISCOVERED,2026-07-18T17:15:16.147931+00:00,,50,95.0,PROMOTED,qualified_economic_opportunity,github:zhangjiayang6835-cyber/bounty-plaza#186,zhangjiayang6835-cyber,bounty-plaza,186,https://github.com/zhangjiayang6835-cyber/bounty-plaza/issues/186
global_discovery_hub,,,[Bounty] [Bounty] [Bounty] [Bounty] [BUG] GraphQL Batch Query + Rate Limit Bypass $150,https://github.com/zhangjiayang6835-cyber/bounty-plaza/issues/194,,,,,,,,,,,,,,,DISCOVERED,2026-07-18T17:15:16.147931+00:00,,50,95.0,PROMOTED,qualified_economic_opportunity,github:zhangjiayang6835-cyber/bounty-plaza#194,zhangjiayang6835-cyber,bounty-plaza,194,https://github.com/zhangjiayang6835-cyber/bounty-plaza/issues/194
global_discovery_hub,,,[Bounty] [Bounty] [Bounty] [Bounty] [BUG] Python Pickle Deserialization RCE via Cache $20,https://github.com/zhangjiayang6835-cyber/bounty-plaza/issues/197,,,,,,,,,,,,,,,DISCOVERED,2026-07-18T17:15:16.147931+00:00,,50,95.0,PROMOTED,qualified_economic_opportunity,github:zhangjiayang6835-cyber/bounty-plaza#197,zhangjiayang6835-cyber,bounty-plaza,197,https://github.com/zhangjiayang6835-cyber/bounty-plaza/issues/197
global_discovery_hub,,,[Bounty] [Bounty] [Bounty] [BUG] Clickjacking via X-Frame-Options Missing → Crypto Withdr,https://github.com/zhangjiayang6835-cyber/bounty-plaza/issues/152,,,,,,,,,,,,,,,DISCOVERED,2026-07-18T17:15:16.147931+00:00,,70,90.0,PROMOTED,no_amount_signal,github:zhangjiayang6835-cyber/bounty-plaza#152,zhangjiayang6835-cyber,bounty-plaza,152,https://github.com/zhangjiayang6835-cyber/bounty-plaza/issues/152
global_discovery_hub,,,Quiz reward service: characterise existing payment reward behaviour with tests,https://github.com/COS301-SE-2026/SpendSense/issues/230,,,,,,,,,,,,,,,DISCOVERED,2026-07-18T17:15:16.147931+00:00,,60,80.0,PROMOTED,no_amount_signal,github:cos301-se-2026/spendsense#230,COS301-SE-2026,SpendSense,230,https://github.com/COS301-SE-2026/SpendSense/issues/230
global_discovery_hub,,,Implement Reward/Payment System,https://github.com/owoWork/owoWork-contract/issues/19,,,,,,,,,,,,,,,DISCOVERED,2026-07-18T17:15:16.147931+00:00,,60,80.0,PROMOTED,no_amount_signal,github:owowork/owowork-contract#19,owoWork,owoWork-contract,19,https://github.com/owoWork/owoWork-contract/issues/19
global_discovery_hub,,,MPP: outbound transport integration (automatic paid retry),https://github.com/Soneso/stellar-agent-wallet/issues/78,,,,,,,,,,,,,,,DISCOVERED,2026-07-18T17:15:16.147931+00:00,,60,80.0,PROMOTED,no_amount_signal,github:soneso/stellar-agent-wallet#78,Soneso,stellar-agent-wallet,78,https://github.com/Soneso/stellar-agent-wallet/issues/78
global_discovery_hub,,,Reward Payment Methods,https://github.com/thxprotocol/monorepo-legacy/issues/882,,,,,,,,,,,,,,,DISCOVERED,2026-07-18T17:15:16.147931+00:00,,60,80.0,PROMOTED,no_amount_signal,github:thxprotocol/monorepo-legacy#882,thxprotocol,monorepo-legacy,882,https://github.com/thxprotocol/monorepo-legacy/issues/882
global_discovery_hub,,,Reward + Winnings Wallet,https://github.com/dolr-ai/yral/issues/819,,,,,,,,,,,,,,,DISCOVERED,2026-07-18T17:15:16.147931+00:00,,60,80.0,PROMOTED,no_amount_signal,github:dolr-ai/yral#819,dolr-ai,yral,819,https://github.com/dolr-ai/yral/issues/819
global_discovery_hub,,,"[Bounty] [Bounty] [Bounty] [Bounty] [Bounty] [Bounty] [Bounty] [Bounty $1,500] Optimise `",https://github.com/zhangjiayang6835-cyber/bounty-plaza/issues/311,,,,,,,,,,,,,,,DISCOVERED,2026-07-18T17:15:16.147931+00:00,,35,80.0,PROMOTED,qualified_economic_opportunity,github:zhangjiayang6835-cyber/bounty-plaza#311,zhangjiayang6835-cyber,bounty-plaza,311,https://github.com/zhangjiayang6835-cyber/bounty-plaza/issues/311
global_discovery_hub,,,"[Bounty] [Bounty] [Bounty] [Bounty] [Bounty] [Bounty] [Bounty] [Bounty $2,500] Optimise/i",https://github.com/zhangjiayang6835-cyber/bounty-plaza/issues/310,,,,,,,,,,,,,,,DISCOVERED,2026-07-18T17:15:16.147931+00:00,,35,80.0,PROMOTED,qualified_economic_opportunity,github:zhangjiayang6835-cyber/bounty-plaza#310,zhangjiayang6835-cyber,bounty-plaza,310,https://github.com/zhangjiayang6835-cyber/bounty-plaza/issues/310
global_discovery_hub,,,"[Bounty] [Bounty] [Bounty] [Bounty] [Bounty] [Bounty] [Bounty $1,500] Optimise `deg2rad`",https://github.com/zhangjiayang6835-cyber/bounty-plaza/issues/254,,,,,,,,,,,,,,,DISCOVERED,2026-07-18T17:15:16.147931+00:00,,35,80.0,PROMOTED,qualified_economic_opportunity,github:zhangjiayang6835-cyber/bounty-plaza#254,zhangjiayang6835-cyber,bounty-plaza,254,https://github.com/zhangjiayang6835-cyber/bounty-plaza/issues/254
global_discovery_hub,,,"[Bounty] [Bounty] [Bounty] [Bounty] [Bounty] [Bounty] [Bounty $2,500] Optimise/improve ac",https://github.com/zhangjiayang6835-cyber/bounty-plaza/issues/255,,,,,,,,,,,,,,,DISCOVERED,2026-07-18T17:15:16.147931+00:00,,35,80.0,PROMOTED,qualified_economic_opportunity,github:zhangjiayang6835-cyber/bounty-plaza#255,zhangjiayang6835-cyber,bounty-plaza,255,https://github.com/zhangjiayang6835-cyber/bounty-plaza/issues/255
global_discovery_hub,,,"[Bounty] [Bounty] [Bounty] [Bounty] [Bounty] [Bounty $1,500] Optimise `deg2rad` / `rad2de",https://github.com/zhangjiayang6835-cyber/bounty-plaza/issues/248,,,,,,,,,,,,,,,DISCOVERED,2026-07-18T17:15:16.147931+00:00,,35,80.0,PROMOTED,qualified_economic_opportunity,github:zhangjiayang6835-cyber/bounty-plaza#248,zhangjiayang6835-cyber,bounty-plaza,248,https://github.com/zhangjiayang6835-cyber/bounty-plaza/issues/248
global_discovery_hub,,,"[Bounty] [Bounty] [Bounty] [Bounty] [Bounty] [Bounty $2,500] Optimise/improve accuracy fo",https://github.com/zhangjiayang6835-cyber/bounty-plaza/issues/249,,,,,,,,,,,,,,,DISCOVERED,2026-07-18T17:15:16.147931+00:00,,35,80.0,PROMOTED,qualified_economic_opportunity,github:zhangjiayang6835-cyber/bounty-plaza#249,zhangjiayang6835-cyber,bounty-plaza,249,https://github.com/zhangjiayang6835-cyber/bounty-plaza/issues/249
global_discovery_hub,,,"[Bounty] [Bounty] [Bounty] [Bounty] [Bounty $1,500] Optimise `deg2rad` / `rad2deg` (fp32/",https://github.com/zhangjiayang6835-cyber/bounty-plaza/issues/185,,,,,,,,,,,,,,,DISCOVERED,2026-07-18T17:15:16.147931+00:00,,35,80.0,PROMOTED,qualified_economic_opportunity,github:zhangjiayang6835-cyber/bounty-plaza#185,zhangjiayang6835-cyber,bounty-plaza,185,https://github.com/zhangjiayang6835-cyber/bounty-plaza/issues/185
global_discovery_hub,,,[Bounty] [Bounty] [Bounty] [Bounty] [Bounty] SQL Injection in login endpoint - 50 USD,https://github.com/zhangjiayang6835-cyber/bounty-plaza/issues/213,,,,,,,,,,,,,,,DISCOVERED,2026-07-18T17:15:16.148931+00:00,,35,80.0,PROMOTED,qualified_economic_opportunity,github:zhangjiayang6835-cyber/bounty-plaza#213,zhangjiayang6835-cyber,bounty-plaza,213,https://github.com/zhangjiayang6835-cyber/bounty-plaza/issues/213
global_discovery_hub,,,"[Bounty] [Bounty] [Bounty] [Bounty] [Bounty $2,500] Optimise/improve accuracy for pow(x,",https://github.com/zhangjiayang6835-cyber/bounty-plaza/issues/183,,,,,,,,,,,,,,,DISCOVERED,2026-07-18T17:15:16.148931+00:00,,35,80.0,PROMOTED,qualified_economic_opportunity,github:zhangjiayang6835-cyber/bounty-plaza#183,zhangjiayang6835-cyber,bounty-plaza,183,https://github.com/zhangjiayang6835-cyber/bounty-plaza/issues/183
global_discovery_hub,,,[Bounty] [claude-builders-bounty/claude-builders-bounty] [BOUNTY $50] SKILL: Generate a s,https://github.com/zhangjiayang6835-cyber/bounty-plaza/issues/490,,,,,,,,,,,,,,,DISCOVERED,2026-07-18T17:15:16.148931+00:00,,35,80.0,PROMOTED,qualified_economic_opportunity,github:zhangjiayang6835-cyber/bounty-plaza#490,zhangjiayang6835-cyber,bounty-plaza,490,https://github.com/zhangjiayang6835-cyber/bounty-plaza/issues/490
global_discovery_hub,,,[Bounty] [weilixiong/TentOfTrials] [$25 BOUNTY] [Python] Add independent log parser fixtu,https://github.com/zhangjiayang6835-cyber/bounty-plaza/issues/494,,,,,,,,,,,,,,,DISCOVERED,2026-07-18T17:15:16.148931+00:00,,35,80.0,PROMOTED,qualified_economic_opportunity,github:zhangjiayang6835-cyber/bounty-plaza#494,zhangjiayang6835-cyber,bounty-plaza,494,https://github.com/zhangjiayang6835-cyber/bounty-plaza/issues/494
global_discovery_hub,,,🐞 Fix an Open Source Issue Challenge - $150 each → Top 4 winners,https://github.com/gbabaisaac/mergefund-bounty-challenges/issues/3,,,,,,,,,,,,,,,DISCOVERED,2026-07-18T17:15:16.148931+00:00,,35,80.0,PROMOTED,qualified_economic_opportunity,github:gbabaisaac/mergefund-bounty-challenges#3,gbabaisaac,mergefund-bounty-challenges,3,https://github.com/gbabaisaac/mergefund-bounty-challenges/issues/3
global_discovery_hub,,,[ Crypto ] Fix phantom reward accrual after period expiry in YieldVault,https://github.com/UnsafeLabs/Bounty-Hunters/issues/914,,,,,,,,,,,,,,,DISCOVERED,2026-07-18T17:47:12.220434+00:00,,85,105.0,PROMOTED,no_amount_signal,github:unsafelabs/bounty-hunters#914,UnsafeLabs,Bounty-Hunters,914,https://github.com/UnsafeLabs/Bounty-Hunters/issues/914
global_discovery_hub,,,[Bounty] [Bounty] [Bounty] [Bounty] [Bounty] [BUG] Blind SSRF via DNS Rebinding Bypass $1,https://github.com/zhangjiayang6835-cyber/bounty-plaza/issues/245,,,,,,,,,,,,,,,DISCOVERED,2026-07-18T17:47:12.220434+00:00,,50,95.0,PROMOTED,qualified_economic_opportunity,github:zhangjiayang6835-cyber/bounty-plaza#245,zhangjiayang6835-cyber,bounty-plaza,245,https://github.com/zhangjiayang6835-cyber/bounty-plaza/issues/245
global_discovery_hub,,,[Bounty] [Bounty] [Bounty] [Bounty] [BUG] LDAP Injection → Anonymous Bind Bypass $120,https://github.com/zhangjiayang6835-cyber/bounty-plaza/issues/201,,,,,,,,,,,,,,,DISCOVERED,2026-07-18T17:47:12.220434+00:00,,50,95.0,PROMOTED,qualified_economic_opportunity,github:zhangjiayang6835-cyber/bounty-plaza#201,zhangjiayang6835-cyber,bounty-plaza,201,https://github.com/zhangjiayang6835-cyber/bounty-plaza/issues/201
global_discovery_hub,,,[Bounty] [Bounty] [Bounty] [Bounty] [BUG] Blind SSRF via DNS Rebinding Bypass $150,https://github.com/zhangjiayang6835-cyber/bounty-plaza/issues/191,,,,,,,,,,,,,,,DISCOVERED,2026-07-18T17:47:12.220434+00:00,,50,95.0,PROMOTED,qualified_economic_opportunity,github:zhangjiayang6835-cyber/bounty-plaza#191,zhangjiayang6835-cyber,bounty-plaza,191,https://github.com/zhangjiayang6835-cyber/bounty-plaza/issues/191
global_discovery_hub,,,[Bounty] [Bounty] [Bounty] [Bounty] [BUG] Bleichenbacher Oracle in RSA-OAEP Decryption $2,https://github.com/zhangjiayang6835-cyber/bounty-plaza/issues/186,,,,,,,,,,,,,,,DISCOVERED,2026-07-18T17:47:12.220434+00:00,,50,95.0,PROMOTED,qualified_economic_opportunity,github:zhangjiayang6835-cyber/bounty-plaza#186,zhangjiayang6835-cyber,bounty-plaza,186,https://github.com/zhangjiayang6835-cyber/bounty-plaza/issues/186
global_discovery_hub,,,[Bounty] [Bounty] [Bounty] [Bounty] [BUG] Python Pickle Deserialization RCE via Cache $20,https://github.com/zhangjiayang6835-cyber/bounty-plaza/issues/197,,,,,,,,,,,,,,,DISCOVERED,2026-07-18T17:47:12.220434+00:00,,50,95.0,PROMOTED,qualified_economic_opportunity,github:zhangjiayang6835-cyber/bounty-plaza#197,zhangjiayang6835-cyber,bounty-plaza,197,https://github.com/zhangjiayang6835-cyber/bounty-plaza/issues/197
global_discovery_hub,,,[Bounty] [Bounty] [Bounty] [Bounty] [BUG] Server-Side Prototype Pollution to RCE $200,https://github.com/zhangjiayang6835-cyber/bounty-plaza/issues/193,,,,,,,,,,,,,,,DISCOVERED,2026-07-18T17:47:12.220434+00:00,,50,95.0,PROMOTED,qualified_economic_opportunity,github:zhangjiayang6835-cyber/bounty-plaza#193,zhangjiayang6835-cyber,bounty-plaza,193,https://github.com/zhangjiayang6835-cyber/bounty-plaza/issues/193
global_discovery_hub,,,[Bounty] [Bounty] [Bounty] [Bounty] [BUG] GraphQL Batch Query + Rate Limit Bypass $150,https://github.com/zhangjiayang6835-cyber/bounty-plaza/issues/194,,,,,,,,,,,,,,,DISCOVERED,2026-07-18T17:47:12.220434+00:00,,50,95.0,PROMOTED,qualified_economic_opportunity,github:zhangjiayang6835-cyber/bounty-plaza#194,zhangjiayang6835-cyber,bounty-plaza,194,https://github.com/zhangjiayang6835-cyber/bounty-plaza/issues/194
global_discovery_hub,,,[Bounty] [Bounty] [Bounty] [BUG] Clickjacking via X-Frame-Options Missing → Crypto Withdr,https://github.com/zhangjiayang6835-cyber/bounty-plaza/issues/152,,,,,,,,,,,,,,,DISCOVERED,2026-07-18T17:47:12.220434+00:00,,70,90.0,PROMOTED,no_amount_signal,github:zhangjiayang6835-cyber/bounty-plaza#152,zhangjiayang6835-cyber,bounty-plaza,152,https://github.com/zhangjiayang6835-cyber/bounty-plaza/issues/152
global_discovery_hub,,,Quiz reward service: characterise existing payment reward behaviour with tests,https://github.com/COS301-SE-2026/SpendSense/issues/230,,,,,,,,,,,,,,,DISCOVERED,2026-07-18T17:47:12.220434+00:00,,60,80.0,PROMOTED,no_amount_signal,github:cos301-se-2026/spendsense#230,COS301-SE-2026,SpendSense,230,https://github.com/COS301-SE-2026/SpendSense/issues/230
global_discovery_hub,,,Implement Reward/Payment System,https://github.com/owoWork/owoWork-contract/issues/19,,,,,,,,,,,,,,,DISCOVERED,2026-07-18T17:47:12.220434+00:00,,60,80.0,PROMOTED,no_amount_signal,github:owowork/owowork-contract#19,owoWork,owoWork-contract,19,https://github.com/owoWork/owoWork-contract/issues/19
global_discovery_hub,,,MPP: outbound transport integration (automatic paid retry),https://github.com/Soneso/stellar-agent-wallet/issues/78,,,,,,,,,,,,,,,DISCOVERED,2026-07-18T17:47:12.220434+00:00,,60,80.0,PROMOTED,no_amount_signal,github:soneso/stellar-agent-wallet#78,Soneso,stellar-agent-wallet,78,https://github.com/Soneso/stellar-agent-wallet/issues/78
global_discovery_hub,,,Reward Payment Methods,https://github.com/thxprotocol/monorepo-legacy/issues/882,,,,,,,,,,,,,,,DISCOVERED,2026-07-18T17:47:12.221434+00:00,,60,80.0,PROMOTED,no_amount_signal,github:thxprotocol/monorepo-legacy#882,thxprotocol,monorepo-legacy,882,https://github.com/thxprotocol/monorepo-legacy/issues/882
global_discovery_hub,,,Reward + Winnings Wallet,https://github.com/dolr-ai/yral/issues/819,,,,,,,,,,,,,,,DISCOVERED,2026-07-18T17:47:12.221434+00:00,,60,80.0,PROMOTED,no_amount_signal,github:dolr-ai/yral#819,dolr-ai,yral,819,https://github.com/dolr-ai/yral/issues/819
global_discovery_hub,,,"[Bounty] [Bounty] [Bounty] [Bounty] [Bounty] [Bounty] [Bounty] [Bounty $1,500] Optimise `",https://github.com/zhangjiayang6835-cyber/bounty-plaza/issues/311,,,,,,,,,,,,,,,DISCOVERED,2026-07-18T17:47:12.221434+00:00,,35,80.0,PROMOTED,qualified_economic_opportunity,github:zhangjiayang6835-cyber/bounty-plaza#311,zhangjiayang6835-cyber,bounty-plaza,311,https://github.com/zhangjiayang6835-cyber/bounty-plaza/issues/311
global_discovery_hub,,,"[Bounty] [Bounty] [Bounty] [Bounty] [Bounty] [Bounty] [Bounty] [Bounty $2,500] Optimise/i",https://github.com/zhangjiayang6835-cyber/bounty-plaza/issues/310,,,,,,,,,,,,,,,DISCOVERED,2026-07-18T17:47:12.221434+00:00,,35,80.0,PROMOTED,qualified_economic_opportunity,github:zhangjiayang6835-cyber/bounty-plaza#310,zhangjiayang6835-cyber,bounty-plaza,310,https://github.com/zhangjiayang6835-cyber/bounty-plaza/issues/310
global_discovery_hub,,,"[Bounty] [Bounty] [Bounty] [Bounty] [Bounty] [Bounty] [Bounty $1,500] Optimise `deg2rad`",https://github.com/zhangjiayang6835-cyber/bounty-plaza/issues/254,,,,,,,,,,,,,,,DISCOVERED,2026-07-18T17:47:12.221434+00:00,,35,80.0,PROMOTED,qualified_economic_opportunity,github:zhangjiayang6835-cyber/bounty-plaza#254,zhangjiayang6835-cyber,bounty-plaza,254,https://github.com/zhangjiayang6835-cyber/bounty-plaza/issues/254
global_discovery_hub,,,"[Bounty] [Bounty] [Bounty] [Bounty] [Bounty] [Bounty] [Bounty $2,500] Optimise/improve ac",https://github.com/zhangjiayang6835-cyber/bounty-plaza/issues/255,,,,,,,,,,,,,,,DISCOVERED,2026-07-18T17:47:12.221434+00:00,,35,80.0,PROMOTED,qualified_economic_opportunity,github:zhangjiayang6835-cyber/bounty-plaza#255,zhangjiayang6835-cyber,bounty-plaza,255,https://github.com/zhangjiayang6835-cyber/bounty-plaza/issues/255
global_discovery_hub,,,"[Bounty] [Bounty] [Bounty] [Bounty] [Bounty] [Bounty $1,500] Optimise `deg2rad` / `rad2de",https://github.com/zhangjiayang6835-cyber/bounty-plaza/issues/248,,,,,,,,,,,,,,,DISCOVERED,2026-07-18T17:47:12.221434+00:00,,35,80.0,PROMOTED,qualified_economic_opportunity,github:zhangjiayang6835-cyber/bounty-plaza#248,zhangjiayang6835-cyber,bounty-plaza,248,https://github.com/zhangjiayang6835-cyber/bounty-plaza/issues/248
global_discovery_hub,,,"[Bounty] [Bounty] [Bounty] [Bounty] [Bounty] [Bounty $2,500] Optimise/improve accuracy fo",https://github.com/zhangjiayang6835-cyber/bounty-plaza/issues/249,,,,,,,,,,,,,,,DISCOVERED,2026-07-18T17:47:12.221434+00:00,,35,80.0,PROMOTED,qualified_economic_opportunity,github:zhangjiayang6835-cyber/bounty-plaza#249,zhangjiayang6835-cyber,bounty-plaza,249,https://github.com/zhangjiayang6835-cyber/bounty-plaza/issues/249
global_discovery_hub,,,"[Bounty] [Bounty] [Bounty] [Bounty] [Bounty $1,500] Optimise `deg2rad` / `rad2deg` (fp32/",https://github.com/zhangjiayang6835-cyber/bounty-plaza/issues/185,,,,,,,,,,,,,,,DISCOVERED,2026-07-18T17:47:12.221434+00:00,,35,80.0,PROMOTED,qualified_economic_opportunity,github:zhangjiayang6835-cyber/bounty-plaza#185,zhangjiayang6835-cyber,bounty-plaza,185,https://github.com/zhangjiayang6835-cyber/bounty-plaza/issues/185
global_discovery_hub,,,[Bounty] [Bounty] [Bounty] [Bounty] [Bounty] SQL Injection in login endpoint - 50 USD,https://github.com/zhangjiayang6835-cyber/bounty-plaza/issues/213,,,,,,,,,,,,,,,DISCOVERED,2026-07-18T17:47:12.221434+00:00,,35,80.0,PROMOTED,qualified_economic_opportunity,github:zhangjiayang6835-cyber/bounty-plaza#213,zhangjiayang6835-cyber,bounty-plaza,213,https://github.com/zhangjiayang6835-cyber/bounty-plaza/issues/213
global_discovery_hub,,,"[Bounty] [Bounty] [Bounty] [Bounty] [Bounty $2,500] Optimise/improve accuracy for pow(x,",https://github.com/zhangjiayang6835-cyber/bounty-plaza/issues/183,,,,,,,,,,,,,,,DISCOVERED,2026-07-18T17:47:12.221434+00:00,,35,80.0,PROMOTED,qualified_economic_opportunity,github:zhangjiayang6835-cyber/bounty-plaza#183,zhangjiayang6835-cyber,bounty-plaza,183,https://github.com/zhangjiayang6835-cyber/bounty-plaza/issues/183
global_discovery_hub,,,[Bounty] [claude-builders-bounty/claude-builders-bounty] [BOUNTY $50] SKILL: Generate a s,https://github.com/zhangjiayang6835-cyber/bounty-plaza/issues/490,,,,,,,,,,,,,,,DISCOVERED,2026-07-18T17:47:12.221434+00:00,,35,80.0,PROMOTED,qualified_economic_opportunity,github:zhangjiayang6835-cyber/bounty-plaza#490,zhangjiayang6835-cyber,bounty-plaza,490,https://github.com/zhangjiayang6835-cyber/bounty-plaza/issues/490
global_discovery_hub,,,[Bounty] [weilixiong/TentOfTrials] [$25 BOUNTY] [Python] Add independent log parser fixtu,https://github.com/zhangjiayang6835-cyber/bounty-plaza/issues/494,,,,,,,,,,,,,,,DISCOVERED,2026-07-18T17:47:12.221434+00:00,,35,80.0,PROMOTED,qualified_economic_opportunity,github:zhangjiayang6835-cyber/bounty-plaza#494,zhangjiayang6835-cyber,bounty-plaza,494,https://github.com/zhangjiayang6835-cyber/bounty-plaza/issues/494
global_discovery_hub,,,[ Crypto ] Fix phantom reward accrual after period expiry in YieldVault,https://github.com/UnsafeLabs/Bounty-Hunters/issues/914,,,,,,,,,,,,,,,DISCOVERED,2026-07-18T18:46:20.397175+00:00,,85,105.0,PROMOTED,no_amount_signal,github:unsafelabs/bounty-hunters#914,UnsafeLabs,Bounty-Hunters,914,https://github.com/UnsafeLabs/Bounty-Hunters/issues/914
global_discovery_hub,,,[Bounty] [Bounty] [Bounty] [Bounty] [Bounty] [BUG] Blind SSRF via DNS Rebinding Bypass $1,https://github.com/zhangjiayang6835-cyber/bounty-plaza/issues/245,,,,,,,,,,,,,,,DISCOVERED,2026-07-18T18:46:20.397175+00:00,,50,95.0,PROMOTED,qualified_economic_opportunity,github:zhangjiayang6835-cyber/bounty-plaza#245,zhangjiayang6835-cyber,bounty-plaza,245,https://github.com/zhangjiayang6835-cyber/bounty-plaza/issues/245
global_discovery_hub,,,[Bounty] [Bounty] [Bounty] [Bounty] [BUG] LDAP Injection → Anonymous Bind Bypass $120,https://github.com/zhangjiayang6835-cyber/bounty-plaza/issues/201,,,,,,,,,,,,,,,DISCOVERED,2026-07-18T18:46:20.398175+00:00,,50,95.0,PROMOTED,qualified_economic_opportunity,github:zhangjiayang6835-cyber/bounty-plaza#201,zhangjiayang6835-cyber,bounty-plaza,201,https://github.com/zhangjiayang6835-cyber/bounty-plaza/issues/201
global_discovery_hub,,,[Bounty] [Bounty] [Bounty] [Bounty] [BUG] Blind SSRF via DNS Rebinding Bypass $150,https://github.com/zhangjiayang6835-cyber/bounty-plaza/issues/191,,,,,,,,,,,,,,,DISCOVERED,2026-07-18T18:46:20.398175+00:00,,50,95.0,PROMOTED,qualified_economic_opportunity,github:zhangjiayang6835-cyber/bounty-plaza#191,zhangjiayang6835-cyber,bounty-plaza,191,https://github.com/zhangjiayang6835-cyber/bounty-plaza/issues/191
global_discovery_hub,,,[Bounty] [Bounty] [Bounty] [Bounty] [BUG] Bleichenbacher Oracle in RSA-OAEP Decryption $2,https://github.com/zhangjiayang6835-cyber/bounty-plaza/issues/186,,,,,,,,,,,,,,,DISCOVERED,2026-07-18T18:46:20.398175+00:00,,50,95.0,PROMOTED,qualified_economic_opportunity,github:zhangjiayang6835-cyber/bounty-plaza#186,zhangjiayang6835-cyber,bounty-plaza,186,https://github.com/zhangjiayang6835-cyber/bounty-plaza/issues/186
global_discovery_hub,,,[Bounty] [Bounty] [Bounty] [Bounty] [BUG] Python Pickle Deserialization RCE via Cache $20,https://github.com/zhangjiayang6835-cyber/bounty-plaza/issues/197,,,,,,,,,,,,,,,DISCOVERED,2026-07-18T18:46:20.398175+00:00,,50,95.0,PROMOTED,qualified_economic_opportunity,github:zhangjiayang6835-cyber/bounty-plaza#197,zhangjiayang6835-cyber,bounty-plaza,197,https://github.com/zhangjiayang6835-cyber/bounty-plaza/issues/197
global_discovery_hub,,,[Bounty] [Bounty] [Bounty] [Bounty] [BUG] Server-Side Prototype Pollution to RCE $200,https://github.com/zhangjiayang6835-cyber/bounty-plaza/issues/193,,,,,,,,,,,,,,,DISCOVERED,2026-07-18T18:46:20.398175+00:00,,50,95.0,PROMOTED,qualified_economic_opportunity,github:zhangjiayang6835-cyber/bounty-plaza#193,zhangjiayang6835-cyber,bounty-plaza,193,https://github.com/zhangjiayang6835-cyber/bounty-plaza/issues/193
global_discovery_hub,,,[Bounty] [Bounty] [Bounty] [Bounty] [BUG] GraphQL Batch Query + Rate Limit Bypass $150,https://github.com/zhangjiayang6835-cyber/bounty-plaza/issues/194,,,,,,,,,,,,,,,DISCOVERED,2026-07-18T18:46:20.398175+00:00,,50,95.0,PROMOTED,qualified_economic_opportunity,github:zhangjiayang6835-cyber/bounty-plaza#194,zhangjiayang6835-cyber,bounty-plaza,194,https://github.com/zhangjiayang6835-cyber/bounty-plaza/issues/194
global_discovery_hub,,,[Bounty] [Bounty] [Bounty] [BUG] Clickjacking via X-Frame-Options Missing → Crypto Withdr,https://github.com/zhangjiayang6835-cyber/bounty-plaza/issues/152,,,,,,,,,,,,,,,DISCOVERED,2026-07-18T18:46:20.398175+00:00,,70,90.0,PROMOTED,no_amount_signal,github:zhangjiayang6835-cyber/bounty-plaza#152,zhangjiayang6835-cyber,bounty-plaza,152,https://github.com/zhangjiayang6835-cyber/bounty-plaza/issues/152
global_discovery_hub,,,Quiz reward service: characterise existing payment reward behaviour with tests,https://github.com/COS301-SE-2026/SpendSense/issues/230,,,,,,,,,,,,,,,DISCOVERED,2026-07-18T18:46:20.398175+00:00,,60,80.0,PROMOTED,no_amount_signal,github:cos301-se-2026/spendsense#230,COS301-SE-2026,SpendSense,230,https://github.com/COS301-SE-2026/SpendSense/issues/230
global_discovery_hub,,,Implement Reward/Payment System,https://github.com/owoWork/owoWork-contract/issues/19,,,,,,,,,,,,,,,DISCOVERED,2026-07-18T18:46:20.398175+00:00,,60,80.0,PROMOTED,no_amount_signal,github:owowork/owowork-contract#19,owoWork,owoWork-contract,19,https://github.com/owoWork/owoWork-contract/issues/19
global_discovery_hub,,,MPP: outbound transport integration (automatic paid retry),https://github.com/Soneso/stellar-agent-wallet/issues/78,,,,,,,,,,,,,,,DISCOVERED,2026-07-18T18:46:20.398175+00:00,,60,80.0,PROMOTED,no_amount_signal,github:soneso/stellar-agent-wallet#78,Soneso,stellar-agent-wallet,78,https://github.com/Soneso/stellar-agent-wallet/issues/78
global_discovery_hub,,,Reward Payment Methods,https://github.com/thxprotocol/monorepo-legacy/issues/882,,,,,,,,,,,,,,,DISCOVERED,2026-07-18T18:46:20.398175+00:00,,60,80.0,PROMOTED,no_amount_signal,github:thxprotocol/monorepo-legacy#882,thxprotocol,monorepo-legacy,882,https://github.com/thxprotocol/monorepo-legacy/issues/882
global_discovery_hub,,,Reward + Winnings Wallet,https://github.com/dolr-ai/yral/issues/819,,,,,,,,,,,,,,,DISCOVERED,2026-07-18T18:46:20.398175+00:00,,60,80.0,PROMOTED,no_amount_signal,github:dolr-ai/yral#819,dolr-ai,yral,819,https://github.com/dolr-ai/yral/issues/819
global_discovery_hub,,,"[Bounty] [Bounty] [Bounty] [Bounty] [Bounty] [Bounty] [Bounty] [Bounty $1,500] Optimise `",https://github.com/zhangjiayang6835-cyber/bounty-plaza/issues/311,,,,,,,,,,,,,,,DISCOVERED,2026-07-18T18:46:20.398175+00:00,,35,80.0,PROMOTED,qualified_economic_opportunity,github:zhangjiayang6835-cyber/bounty-plaza#311,zhangjiayang6835-cyber,bounty-plaza,311,https://github.com/zhangjiayang6835-cyber/bounty-plaza/issues/311
global_discovery_hub,,,"[Bounty] [Bounty] [Bounty] [Bounty] [Bounty] [Bounty] [Bounty] [Bounty $2,500] Optimise/i",https://github.com/zhangjiayang6835-cyber/bounty-plaza/issues/310,,,,,,,,,,,,,,,DISCOVERED,2026-07-18T18:46:20.398175+00:00,,35,80.0,PROMOTED,qualified_economic_opportunity,github:zhangjiayang6835-cyber/bounty-plaza#310,zhangjiayang6835-cyber,bounty-plaza,310,https://github.com/zhangjiayang6835-cyber/bounty-plaza/issues/310
global_discovery_hub,,,"[Bounty] [Bounty] [Bounty] [Bounty] [Bounty] [Bounty] [Bounty $1,500] Optimise `deg2rad`",https://github.com/zhangjiayang6835-cyber/bounty-plaza/issues/254,,,,,,,,,,,,,,,DISCOVERED,2026-07-18T18:46:20.398175+00:00,,35,80.0,PROMOTED,qualified_economic_opportunity,github:zhangjiayang6835-cyber/bounty-plaza#254,zhangjiayang6835-cyber,bounty-plaza,254,https://github.com/zhangjiayang6835-cyber/bounty-plaza/issues/254
global_discovery_hub,,,"[Bounty] [Bounty] [Bounty] [Bounty] [Bounty] [Bounty] [Bounty $2,500] Optimise/improve ac",https://github.com/zhangjiayang6835-cyber/bounty-plaza/issues/255,,,,,,,,,,,,,,,DISCOVERED,2026-07-18T18:46:20.398175+00:00,,35,80.0,PROMOTED,qualified_economic_opportunity,github:zhangjiayang6835-cyber/bounty-plaza#255,zhangjiayang6835-cyber,bounty-plaza,255,https://github.com/zhangjiayang6835-cyber/bounty-plaza/issues/255
global_discovery_hub,,,"[Bounty] [Bounty] [Bounty] [Bounty] [Bounty] [Bounty $1,500] Optimise `deg2rad` / `rad2de",https://github.com/zhangjiayang6835-cyber/bounty-plaza/issues/248,,,,,,,,,,,,,,,DISCOVERED,2026-07-18T18:46:20.398175+00:00,,35,80.0,PROMOTED,qualified_economic_opportunity,github:zhangjiayang6835-cyber/bounty-plaza#248,zhangjiayang6835-cyber,bounty-plaza,248,https://github.com/zhangjiayang6835-cyber/bounty-plaza/issues/248
global_discovery_hub,,,"[Bounty] [Bounty] [Bounty] [Bounty] [Bounty] [Bounty $2,500] Optimise/improve accuracy fo",https://github.com/zhangjiayang6835-cyber/bounty-plaza/issues/249,,,,,,,,,,,,,,,DISCOVERED,2026-07-18T18:46:20.398175+00:00,,35,80.0,PROMOTED,qualified_economic_opportunity,github:zhangjiayang6835-cyber/bounty-plaza#249,zhangjiayang6835-cyber,bounty-plaza,249,https://github.com/zhangjiayang6835-cyber/bounty-plaza/issues/249
global_discovery_hub,,,"[Bounty] [Bounty] [Bounty] [Bounty] [Bounty $1,500] Optimise `deg2rad` / `rad2deg` (fp32/",https://github.com/zhangjiayang6835-cyber/bounty-plaza/issues/185,,,,,,,,,,,,,,,DISCOVERED,2026-07-18T18:46:20.398175+00:00,,35,80.0,PROMOTED,qualified_economic_opportunity,github:zhangjiayang6835-cyber/bounty-plaza#185,zhangjiayang6835-cyber,bounty-plaza,185,https://github.com/zhangjiayang6835-cyber/bounty-plaza/issues/185
global_discovery_hub,,,[Bounty] [Bounty] [Bounty] [Bounty] [Bounty] SQL Injection in login endpoint - 50 USD,https://github.com/zhangjiayang6835-cyber/bounty-plaza/issues/213,,,,,,,,,,,,,,,DISCOVERED,2026-07-18T18:46:20.398175+00:00,,35,80.0,PROMOTED,qualified_economic_opportunity,github:zhangjiayang6835-cyber/bounty-plaza#213,zhangjiayang6835-cyber,bounty-plaza,213,https://github.com/zhangjiayang6835-cyber/bounty-plaza/issues/213
global_discovery_hub,,,"[Bounty] [Bounty] [Bounty] [Bounty] [Bounty $2,500] Optimise/improve accuracy for pow(x,",https://github.com/zhangjiayang6835-cyber/bounty-plaza/issues/183,,,,,,,,,,,,,,,DISCOVERED,2026-07-18T18:46:20.398175+00:00,,35,80.0,PROMOTED,qualified_economic_opportunity,github:zhangjiayang6835-cyber/bounty-plaza#183,zhangjiayang6835-cyber,bounty-plaza,183,https://github.com/zhangjiayang6835-cyber/bounty-plaza/issues/183
global_discovery_hub,,,[Bounty] [claude-builders-bounty/claude-builders-bounty] [BOUNTY $50] SKILL: Generate a s,https://github.com/zhangjiayang6835-cyber/bounty-plaza/issues/490,,,,,,,,,,,,,,,DISCOVERED,2026-07-18T18:46:20.398175+00:00,,35,80.0,PROMOTED,qualified_economic_opportunity,github:zhangjiayang6835-cyber/bounty-plaza#490,zhangjiayang6835-cyber,bounty-plaza,490,https://github.com/zhangjiayang6835-cyber/bounty-plaza/issues/490
global_discovery_hub,,,[Bounty] [weilixiong/TentOfTrials] [$25 BOUNTY] [Python] Add independent log parser fixtu,https://github.com/zhangjiayang6835-cyber/bounty-plaza/issues/494,,,,,,,,,,,,,,,DISCOVERED,2026-07-18T18:46:20.398175+00:00,,35,80.0,PROMOTED,qualified_economic_opportunity,github:zhangjiayang6835-cyber/bounty-plaza#494,zhangjiayang6835-cyber,bounty-plaza,494,https://github.com/zhangjiayang6835-cyber/bounty-plaza/issues/494
