opportunity_id,title,category,source,url,reward_amount,reward_currency,deadline,requirements,capital_required,difficulty,estimated_hours,risk_level,success_probability,verification_score,recommended_action,recommendation_reason,verification_status,human_approval_required,country_restrictions,kyc_required,payment_method,link_active,explicit_reward,verified_at,canonical_key,organization,repository_name,issue_number,source_url
214,senddigidollar: integer-vs-decimal amount ambiguity is a 100× footgun,ai_integration,MCP Paid Opportunities,https://github.com/DigiByte-Core/digibyte/issues/424,10000.0,USD,,signed in to change notification settings Fork 91 Star 250 Code Issues 32 Pull requests 0 Discussions Actions Projects Wiki Security and quality 0 Insights Additional navigation options Code Issues Pull requests Discussions Actions Projects Wiki Security and quality Insights senddigidollar: integer-,0,alta,80.0,baixo,0.686,85.7,"Preparar candidatura, proposta ou prova de conceito.","Link ativo, recompensa explícita e baixo risco identificado.",actionable,0,,0,GitHub Sponsors,1,1,2026-07-15T14:35:06.414234+00:00,github:digibyte-core/digibyte#424,DigiByte-Core,digibyte,424,https://github.com/DigiByte-Core/digibyte/issues/424
32,[ Bounty $3k ] [ Research ] Collect and compare AI-generated AGI architecture proposals,open_source_bounty,GitHub Reward Issues,https://github.com/aLexzzz430/Cognitive-OS/issues/5,3000.0,USD,,documented,0,baixa,8.0,baixo,0.899,81.7,"Preparar candidatura, proposta ou prova de conceito.","Link ativo, recompensa explícita e baixo risco identificado.",actionable,0,,0,GitHub Sponsors,1,1,2026-07-15T14:34:59.101626+00:00,github:alexzzz430/cognitive-os#5,aLexzzz430,Cognitive-OS,5,https://github.com/aLexzzz430/Cognitive-OS/issues/5
36,[aLexzzz430/Cognitive-OS] [ Bounty $3k ] [ Research ] Collect and compare AI-generated,open_source_bounty,GitHub Reward Issues,https://github.com/Vikingr2023/awesome-agent-bounties/issues/167,3000.0,USD,,documented,0,baixa,8.0,baixo,0.899,81.7,"Preparar candidatura, proposta ou prova de conceito.","Link ativo, recompensa explícita e baixo risco identificado.",actionable,0,,0,GitHub Sponsors,1,1,2026-07-15T14:35:00.891883+00:00,github:vikingr2023/awesome-agent-bounties#167,Vikingr2023,awesome-agent-bounties,167,https://github.com/Vikingr2023/awesome-agent-bounties/issues/167
38,[aLexzzz430/Cognitive-OS] [ Bounty $3k ] [ Research ] Collect and compare AI-generated,open_source_bounty,GitHub Reward Issues,https://github.com/Vikingr2023/awesome-agent-bounties/issues/52,3000.0,USD,,documented,0,baixa,8.0,baixo,0.899,81.7,"Preparar candidatura, proposta ou prova de conceito.","Link ativo, recompensa explícita e baixo risco identificado.",actionable,0,,0,GitHub Sponsors,1,1,2026-07-15T14:35:02.695054+00:00,github:vikingr2023/awesome-agent-bounties#52,Vikingr2023,awesome-agent-bounties,52,https://github.com/Vikingr2023/awesome-agent-bounties/issues/52
19,Calculate the exact value of PI,open_source_bounty,GitHub Bounty Issues,https://github.com/xevrion-v2/agent-playground/issues/17,1000.0,USD,,signed in to change notification settings Fork 440 Star 260 Code Issues 1,0,baixa,8.0,baixo,0.89,80.95,"Preparar candidatura, proposta ou prova de conceito.","Link ativo, recompensa explícita e baixo risco identificado.",actionable,0,,0,GitHub Sponsors,1,1,2026-07-15T14:35:12.991640+00:00,github:xevrion-v2/agent-playground#17,xevrion-v2,agent-playground,17,https://github.com/xevrion-v2/agent-playground/issues/17
213,Approval: create Stripe Payment Links for paid audits,ai_integration,MCP Paid Opportunities,https://github.com/Davidleeops/mcpscan/issues/3,3500.0,USD,,signed in to change notification settings Fork 0 Star 0 Code Issues 5 Pull requests 1 Actions Projects Security and quality 0 Insights Additional navigation options Code Issues Pull requests Actions Projects Security and quality Insights Approval: create Stripe Payment Links for paid audits #3 New i,0,baixa,8.0,baixo,0.886,80.55,"Preparar candidatura, proposta ou prova de conceito.","Link ativo, recompensa explícita e baixo risco identificado.",actionable,0,,0,"Stripe, GitHub Sponsors",1,1,2026-07-15T14:35:14.657370+00:00,github:davidleeops/mcpscan#3,Davidleeops,mcpscan,3,https://github.com/Davidleeops/mcpscan/issues/3
186,[BOUNTY $100] 🐜The Memanto Bug & Exploit Challenge,ai_bounty,AI Agent Bounties,https://github.com/moorcheh-ai/memanto/issues/770,100.0,USD,,Pull Requests,0,média,30.0,baixo,0.768,76.85,"Preparar candidatura, proposta ou prova de conceito.","Link ativo, recompensa explícita e baixo risco identificado.",actionable,0,,0,GitHub Sponsors,1,1,2026-07-15T14:34:51.132248+00:00,github:moorcheh-ai/memanto#770,moorcheh-ai,memanto,770,https://github.com/moorcheh-ai/memanto/issues/770
188,🎯 Bounty Alert: 31 New Opportunities — 2026-07-15 03:21 UTC,ai_bounty,AI Agent Bounties,https://github.com/greyw0rks/bountyscout/issues/265,150.0,USD,,signed in to change notification settings Fork 8 Star 7 Code Issues 264 Pull requests 4 Actions Projects Security and quality 0 Insights Additional navigation options Code Issues Pull requests Actions Projects Security and quality Insights 🎯 Bounty Alert: 31 New Opportunities — 2026-07-15 03:21 UTC,0,baixa,8.0,baixo,0.83,75.45,"Preparar candidatura, proposta ou prova de conceito.","Link ativo, recompensa explícita e baixo risco identificado.",actionable,0,,0,GitHub Sponsors,1,1,2026-07-15T14:35:20.460486+00:00,github:greyw0rks/bountyscout#265,greyw0rks,bountyscout,265,https://github.com/greyw0rks/bountyscout/issues/265
69,Support actual payment amount confirmation and rate-shift tracking for foreign scheduled expenses,paid_development,GitHub Paid Issues,https://github.com/pedrazamiguez/split-trip/issues/1400,130.74,EUR,,properly formatted using existing locale-aware formatting utilities (e,0,baixa,8.0,baixo,0.827,75.17,"Preparar candidatura, proposta ou prova de conceito.","Link ativo, recompensa explícita e baixo risco identificado.",actionable,0,,0,GitHub Sponsors,1,1,2026-07-15T14:35:24.022895+00:00,github:pedrazamiguez/split-trip#1400,pedrazamiguez,split-trip,1400,https://github.com/pedrazamiguez/split-trip/issues/1400
204,🎯 Bounty Alert: 30 New Opportunities — 2026-07-14 10:46 UTC,ai_bounty,AI Agent Bounties,https://github.com/greyw0rks/bountyscout/issues/256,28.4,USD,,signed in to change notification settings Fork 8 Star 7 Code Issues 264 Pull requests 4 Actions Projects Security and quality 0 Insights Additional navigation options Code Issues Pull requests Actions Projects Security and quality Insights 🎯 Bounty Alert: 30 New Opportunities — 2026-07-14 10:46 UTC,0,baixa,8.0,baixo,0.786,71.45,"Preparar candidatura, proposta ou prova de conceito.","Link ativo, recompensa explícita e baixo risco identificado.",actionable,0,,0,GitHub Sponsors,1,1,2026-07-15T14:35:08.542812+00:00,github:greyw0rks/bountyscout#256,greyw0rks,bountyscout,256,https://github.com/greyw0rks/bountyscout/issues/256
229,Ops dashboard,ai_integration,MCP Paid Opportunities,https://github.com/ModelMirrorAI/fedcourtsai/issues/630,55.0,USD,,signed in to change notification settings Fork 0 Star 1 Code Issues 14 Pull requests 1 Actions Security and quality 0 Insights Additional navigation options Code Issues Pull requests Actions Security and quality Insights Ops dashboard #630 New issue Copy link New issue Copy link Open Open Ops dashbo,0,baixa,8.0,baixo,0.771,70.1,"Preparar candidatura, proposta ou prova de conceito.","Link ativo, recompensa explícita e baixo risco identificado.",actionable,0,,0,GitHub Sponsors,1,1,2026-07-15T14:35:27.350906+00:00,github:modelmirrorai/fedcourtsai#630,ModelMirrorAI,fedcourtsai,630,https://github.com/ModelMirrorAI/fedcourtsai/issues/630
86,Automatic authoritative external-billing Subscription adoption (CODEX...,paid_development,GitHub Paid Issues,https://github.com/jaywedgeworth22/api-usage-monitor/issues/285,6.0,USD,,signed in to change notification settings Fork 0 Star 1 Code Issues 123 Pull requests 0 Actions Projects Security and quality 0 Insights Additional navigation options Code Issues Pull requests Actions Projects Security and quality Insights Automatic authoritative external-billing Subscription adopti,0,baixa,8.0,baixo,0.768,69.83,"Preparar candidatura, proposta ou prova de conceito.","Link ativo, recompensa explícita e baixo risco identificado.",actionable,0,,0,GitHub Sponsors,1,1,2026-07-15T14:35:30.803994+00:00,github:jaywedgeworth22/api-usage-monitor#285,jaywedgeworth22,api-usage-monitor,285,https://github.com/jaywedgeworth22/api-usage-monitor/issues/285
123,Grant Application - Educating Communities by Educating Their Leaders,grant,GitHub Grant Issues,https://github.com/ZcashCommunityGrants/zcashcommunitygrants/issues/356,50000.0,USD,,signed in to change notification settings Fork 9 Star 14 Code Issues 42 Pull requests 0 Actions Projects Security and quality 0 Insights Additional navigation options Code Issues Pull requests Actions Projects Security and quality Insights Grant Application - Educating Communities by Educating Their,0,alta,80.0,baixo,0.686,85.7,Revisar requisitos e autorizar a preparação.,"A oportunidade é promissora, mas exige ação humana sensível.",approval_required,1,,1,GitHub Sponsors,1,1,2026-07-15T14:35:04.766319+00:00,github:zcashcommunitygrants/zcashcommunitygrants#356,ZcashCommunityGrants,zcashcommunitygrants,356,https://github.com/ZcashCommunityGrants/zcashcommunitygrants/issues/356
87,Tool discovery 2026-07-15: 6 candidates,paid_development,GitHub Paid Issues,https://github.com/TarronKayAUA/aua-ai-hub/issues/21,4167.0,USD,,signed in to change notification settings Fork 0 Star 0 Code Issues 1 Pull requests 0 Discussions Actions Projects Security and quality 0 Insights Additional navigation options Code Issues Pull requests Discussions Actions Projects Security and quality Insights Tool discovery 2026-07-15: 6 candidate,0,média,30.0,baixo,0.801,80.14,Revisar requisitos e autorizar a preparação.,"A oportunidade é promissora, mas exige ação humana sensível.",approval_required,1,"Open Tool discovery 2026-07-15: 6 candidates #21 Copy link Description TarronKayAUA opened on Jul 15, 2026 Issue body actions This is the monthly propose-only tool dis",0,GitHub Sponsors,1,1,2026-07-15T14:35:25.663885+00:00,github:tarronkayaua/aua-ai-hub#21,TarronKayAUA,aua-ai-hub,21,https://github.com/TarronKayAUA/aua-ai-hub/issues/21
1,[0.10 USDC autonomous bounty] Complete an agent-skill claim-to-payout canary,ai_integration,MCP Paid Opportunities,https://github.com/NSPG13/agent-bounties/issues/277,0.11,USD,,A wallet different from the creator owns the active canonical claim round,0,baixa,8.0,baixo,0.79,71.85,Revisar requisitos e autorizar a preparação.,"A oportunidade é promissora, mas exige ação humana sensível.",approval_required,1,eligibility 1,0,"USDC, GitHub Sponsors",1,1,2026-07-15T14:34:40.414258+00:00,github:nspg13/agent-bounties#277,NSPG13,agent-bounties,277,https://github.com/NSPG13/agent-bounties/issues/277
8,[0.10 USDC autonomous bounty] Complete an MCP-discovered claim-to-payout canary,ai_integration,MCP Paid Opportunities,https://github.com/NSPG13/agent-bounties/issues/276,0.11,USD,,A wallet different from the creator owns the active canonical claim round,0,baixa,8.0,baixo,0.79,71.85,Revisar requisitos e autorizar a preparação.,"A oportunidade é promissora, mas exige ação humana sensível.",approval_required,1,eligibility 1,0,"USDC, GitHub Sponsors",1,1,2026-07-15T14:34:42.648196+00:00,github:nspg13/agent-bounties#276,NSPG13,agent-bounties,276,https://github.com/NSPG13/agent-bounties/issues/276
9,[0.10 USDC autonomous bounty] Complete a wallet claim-to-payout canary,ai_integration,MCP Paid Opportunities,https://github.com/NSPG13/agent-bounties/issues/275,0.11,USD,,A wallet different from the creator owns the active canonical claim round,0,baixa,8.0,baixo,0.79,71.85,Revisar requisitos e autorizar a preparação.,"A oportunidade é promissora, mas exige ação humana sensível.",approval_required,1,eligibility 1,0,"USDC, GitHub Sponsors",1,1,2026-07-15T14:34:44.757351+00:00,github:nspg13/agent-bounties#275,NSPG13,agent-bounties,275,https://github.com/NSPG13/agent-bounties/issues/275
10,[0.10 USDC autonomous meta-bounty] Create a paid coding-bounty loop,open_source_bounty,GitHub Bounty Issues,https://github.com/NSPG13/agent-bounties/issues/274,0.11,USD,,so the canonical parent verifier passes and emits BountySettled; the child solver must be a different wallet from the parent solver,0,baixa,8.0,baixo,0.79,71.85,Revisar requisitos e autorizar a preparação.,"A oportunidade é promissora, mas exige ação humana sensível.",approval_required,1,eligibility 1,0,"USDC, GitHub Sponsors",1,1,2026-07-15T14:34:46.711221+00:00,github:nspg13/agent-bounties#274,NSPG13,agent-bounties,274,https://github.com/NSPG13/agent-bounties/issues/274
11,[0.10 USDC autonomous meta-bounty] Post a funded agent-tooling bounty completed by another wallet,open_source_bounty,GitHub Bounty Issues,https://github.com/NSPG13/agent-bounties/issues/273,0.11,USD,,so the canonical parent verifier passes and emits BountySettled; the child solver must be a different wallet from the parent solver,0,baixa,8.0,baixo,0.79,71.85,Revisar requisitos e autorizar a preparação.,"A oportunidade é promissora, mas exige ação humana sensível.",approval_required,1,eligibility 1,0,"USDC, GitHub Sponsors",1,1,2026-07-15T14:34:48.757641+00:00,github:nspg13/agent-bounties#273,NSPG13,agent-bounties,273,https://github.com/NSPG13/agent-bounties/issues/273
5,[UNFUNDED: 0/2.01 USDC] Complete a machine-API paid loop,ai_integration,MCP Paid Opportunities,https://github.com/NSPG13/agent-bounties/issues/249,2.01,USD,,and payment,0,baixa,8.0,baixo,0.789,71.7,Revisar requisitos e autorizar a preparação.,"A oportunidade é promissora, mas exige ação humana sensível.",approval_required,1,eligibility and payment,0,"USDC, GitHub Sponsors",1,1,2026-07-15T14:34:53.038722+00:00,github:nspg13/agent-bounties#249,NSPG13,agent-bounties,249,https://github.com/NSPG13/agent-bounties/issues/249
6,[2 USDC autonomous bounty] Complete an independent-relayer paid loop,ai_integration,MCP Paid Opportunities,https://github.com/NSPG13/agent-bounties/issues/250,2.01,USD,,and payment,0,baixa,8.0,baixo,0.789,71.7,Revisar requisitos e autorizar a preparação.,"A oportunidade é promissora, mas exige ação humana sensível.",approval_required,1,eligibility and payment,0,"USDC, GitHub Sponsors",1,1,2026-07-15T14:34:54.961113+00:00,github:nspg13/agent-bounties#250,NSPG13,agent-bounties,250,https://github.com/NSPG13/agent-bounties/issues/250
7,[2 USDC autonomous bounty] Complete a browser-wallet paid loop,ai_integration,MCP Paid Opportunities,https://github.com/NSPG13/agent-bounties/issues/248,2.0,USD,,and payment,0,baixa,8.0,baixo,0.789,71.7,Revisar requisitos e autorizar a preparação.,"A oportunidade é promissora, mas exige ação humana sensível.",approval_required,1,eligibility and payment,0,"USDC, GitHub Sponsors",1,1,2026-07-15T14:34:57.117099+00:00,github:nspg13/agent-bounties#248,NSPG13,agent-bounties,248,https://github.com/NSPG13/agent-bounties/issues/248
72,chore(ci): retire qodana now that jscpd and cargo-machete cover its findings,ai_integration,MCP Paid Opportunities,https://github.com/iamacoffeepot/aether/issues/3439,2000.0,USD,,signed in to change notification settings Fork 0 Star 1 Code Issues 3 Pull requests 0 Actions Projects Security and quality 0 Insights Additional navigation options Code Issues Pull requests Actions Projects Security and quality Insights chore(ci): retire qodana now that jscpd and cargo-machete cove,0,baixa,8.0,médio,0.437,39.74,Descartar como conteúdo informativo ou falso positivo.,Não foram encontrados sinais suficientes de uma oportunidade executável.,rejected,0,,0,GitHub Sponsors,1,1,2026-07-15T14:35:32.633091+00:00,github:iamacoffeepot/aether#3439,iamacoffeepot,aether,3439,https://github.com/iamacoffeepot/aether/issues/3439
212,Wayfinder map: alpha → beta launch,ai_integration,MCP Paid Opportunities,https://github.com/cameronapak/dotflowy/issues/151,99.0,USD,,signed in to change notification settings Fork 4 Star 24 Code Issues 41 Pull requests 7 Discussions Actions Projects Security and quality 0 Insights Additional navigation options Code Issues Pull requests Discussions Actions Projects Security and quality Insights Wayfinder map: alpha → beta launch #,0,baixa,8.0,médio,0.329,29.92,Descartar como conteúdo informativo ou falso positivo.,Não foram encontrados sinais suficientes de uma oportunidade executável.,rejected,0,,0,"Stripe, GitHub Sponsors",1,1,2026-07-15T14:35:29.101579+00:00,github:cameronapak/dotflowy#151,cameronapak,dotflowy,151,https://github.com/cameronapak/dotflowy/issues/151
191,Security review request — volunteer peer review welcome (free),ai_bounty,AI Agent Bounties,https://github.com/edgarfloresguerra2011-a11y/marketnow/issues/2,,,,signed in to change notification settings Fork 0 Star 1 Code Issues 1 Pull requests 0 Discussions Actions Security and quality 0 Insights Additional navigation options Code Issues Pull requests Discussions Actions Security and quality Insights Security review request — volunteer peer review welcome,0,média,30.0,médio,0.02,1.1,Descartar como conteúdo informativo ou falso positivo.,Não foram encontrados sinais suficientes de uma oportunidade executável.,rejected,0,,0,"USDC, GitHub Sponsors",1,0,2026-07-15T14:35:10.788655+00:00,github:edgarfloresguerra2011-a11y/marketnow#2,edgarfloresguerra2011-a11y,marketnow,2,https://github.com/edgarfloresguerra2011-a11y/marketnow/issues/2
2,[BOUNTY: 5 RTC] Create a YouTube or BoTTube video tutorial about any Elyan Labs project,ai_integration,MCP Paid Opportunities,https://github.com/Scottcjn/rustchain-bounties/issues/2180,,,,signed in to change notification settings Fork 356 Star 229 Code Issues 2,0,baixa,8.0,médio,0.02,0.52,Descartar como conteúdo informativo ou falso positivo.,Não foram encontrados sinais suficientes de uma oportunidade executável.,rejected,1,,0,GitHub Sponsors,1,0,2026-07-15T14:35:18.460602+00:00,github:scottcjn/rustchain-bounties#2180,Scottcjn,rustchain-bounties,2180,https://github.com/Scottcjn/rustchain-bounties/issues/2180
68,[security] Stripe webhook processes unsigned events when STRIPE_WEBHOOK_SECRET is unset (payment bypass),paid_development,GitHub Paid Issues,https://github.com/RyjoxTechnologies/Octopoda-OS/issues/25,,,,signed in to change notification settings Fork 53 Star 353 Code Issues 13 Pull requests 0 Actions Projects Security and quality 0 Insights Additional navigation options Code Issues Pull requests Actions Projects Security and quality Insights [security] Stripe webhook processes unsigned events when S,0,baixa,8.0,médio,0.02,0.2,Descartar como conteúdo informativo ou falso positivo.,Não foram encontrados sinais suficientes de uma oportunidade executável.,rejected,0,,0,"Stripe, GitHub Sponsors",1,0,2026-07-15T14:35:22.101147+00:00,github:ryjoxtechnologies/octopoda-os#25,RyjoxTechnologies,Octopoda-OS,25,https://github.com/RyjoxTechnologies/Octopoda-OS/issues/25
61,Epic: Ship the native purchase-to-first-review customer journey,paid_development,GitHub Paid Issues,https://github.com/electricsheephq/evaos-code-review-bot-neondiff/issues/610,,,,"in customer UX, unsigned/unnotarized release artifact, unresolved P0/P1 review/security/design finding, stale current-head CI, or any request to publish/re-enable checkout without owning release approval",0,baixa,8.0,crítico,0.02,0.0,Rejeitar imediatamente.,Foram encontrados sinais incompatíveis com as políticas de segurança.,rejected,1,,0,"Stripe, GitHub Sponsors",1,0,2026-07-15T14:35:34.538943+00:00,github:electricsheephq/evaos-code-review-bot-neondiff#610,electricsheephq,evaos-code-review-bot-neondiff,610,https://github.com/electricsheephq/evaos-code-review-bot-neondiff/issues/610
3,Claim MRG Tokens for Bug Bounty Reports - Comment New Bugs Here Before Opening a PR,open_source_bounty,GitHub Bounty Issues,https://github.com/mergeos-bounties/mergeos/issues/1,,,,"Contributors must star this repository before claiming, starting, or submitting bounty work",0,baixa,8.0,médio,0.02,0.0,Descartar como conteúdo informativo ou falso positivo.,Não foram encontrados sinais suficientes de uma oportunidade executável.,rejected,1,,0,GitHub Sponsors,1,0,2026-07-15T14:35:36.554731+00:00,github:mergeos-bounties/mergeos#1,mergeos-bounties,mergeos,1,https://github.com/mergeos-bounties/mergeos/issues/1
192,Register in Ecosystem Contributors — 3 RTC per registration,ai_bounty,AI Agent Bounties,https://github.com/Scottcjn/rustchain-bounties/issues/1575,,,,signed in to change notification settings Fork 356 Star 229 Code Issues 2,0,média,30.0,médio,0.02,0.0,Descartar como conteúdo informativo ou falso positivo.,Não foram encontrados sinais suficientes de uma oportunidade executável.,rejected,1,,0,GitHub Sponsors,1,0,2026-07-15T14:35:38.507883+00:00,github:scottcjn/rustchain-bounties#1575,Scottcjn,rustchain-bounties,1575,https://github.com/Scottcjn/rustchain-bounties/issues/1575
33,[Open-Source-Bazaar/Open-Source-Bazaar.github.io] [Reward] Bot Killer,open_source_bounty,GitHub Reward Issues,https://github.com/Vikingr2023/awesome-agent-bounties/issues/165,,,,signed in to change notification settings Fork 8 Star 0 Code Issues 271 Pull requests 4 Actions Projects Security and quality 0 Insights Additional navigation options Code Issues Pull requests Actions Projects Security and quality Insights [Open-Source-Bazaar/Open-Source-Bazaar,0,baixa,8.0,médio,0.02,0.0,Descartar como conteúdo informativo ou falso positivo.,Não foram encontrados sinais suficientes de uma oportunidade executável.,rejected,0,,0,GitHub Sponsors,1,0,2026-07-15T17:38:08.627011+00:00,github:vikingr2023/awesome-agent-bounties#165,Vikingr2023,awesome-agent-bounties,165,https://github.com/Vikingr2023/awesome-agent-bounties/issues/165
34,[Open-Source-Bazaar/Open-Source-Bazaar.github.io] 开源市集代码贡献指南,open_source_bounty,GitHub Reward Issues,https://github.com/Vikingr2023/awesome-agent-bounties/issues/166,,,,signed in to change notification settings Fork 8 Star 0 Code Issues 271 Pull requests 4 Actions Projects Security and quality 0 Insights Additional navigation options Code Issues Pull requests Actions Projects Security and quality Insights [Open-Source-Bazaar/Open-Source-Bazaar,0,baixa,8.0,médio,0.02,0.0,Descartar como conteúdo informativo ou falso positivo.,Não foram encontrados sinais suficientes de uma oportunidade executável.,rejected,0,,0,GitHub Sponsors,1,0,2026-07-15T17:38:10.405398+00:00,github:vikingr2023/awesome-agent-bounties#166,Vikingr2023,awesome-agent-bounties,166,https://github.com/Vikingr2023/awesome-agent-bounties/issues/166
35,[idea2app/MobX-GitHub] MobX-GitHub 新增 Git Tree API 封装类,open_source_bounty,GitHub Reward Issues,https://github.com/Vikingr2023/awesome-agent-bounties/issues/164,,,,signed in to change notification settings Fork 8 Star 0 Code Issues 271 Pull requests 4 Actions Projects Security and quality 0 Insights Additional navigation options Code Issues Pull requests Actions Projects Security and quality Insights [idea2app/MobX-GitHub] MobX-GitHub 新增 Git Tree API 封装类 #164,0,baixa,8.0,médio,0.02,0.0,Descartar como conteúdo informativo ou falso positivo.,Não foram encontrados sinais suficientes de uma oportunidade executável.,rejected,0,,0,GitHub Sponsors,1,0,2026-07-15T17:38:12.357587+00:00,github:vikingr2023/awesome-agent-bounties#164,Vikingr2023,awesome-agent-bounties,164,https://github.com/Vikingr2023/awesome-agent-bounties/issues/164
37,[harnessclaw/harnessclaw] [Reward] HarnessClaw 体验测评（任一场景） #2,open_source_bounty,GitHub Reward Issues,https://github.com/Vikingr2023/awesome-agent-bounties/issues/168,,,,signed in to change notification settings Fork 8 Star 0 Code Issues 271 Pull requests 4 Actions Projects Security and quality 0 Insights Additional navigation options Code Issues Pull requests Actions Projects Security and quality Insights [harnessclaw/harnessclaw] [Reward] HarnessClaw 体验测评（任一场景） #2,0,baixa,8.0,médio,0.02,0.0,Descartar como conteúdo informativo ou falso positivo.,Não foram encontrados sinais suficientes de uma oportunidade executável.,rejected,0,,0,GitHub Sponsors,1,0,2026-07-15T17:38:14.021961+00:00,github:vikingr2023/awesome-agent-bounties#168,Vikingr2023,awesome-agent-bounties,168,https://github.com/Vikingr2023/awesome-agent-bounties/issues/168
39,[cpagent78/crawler-network] [P3] 크롤러 피드백 API + 학습 로직,open_source_bounty,GitHub Reward Issues,https://github.com/Vikingr2023/awesome-agent-bounties/issues/58,,,,signed in to change notification settings Fork 8 Star 0 Code Issues 271 Pull requests 4 Actions Projects Security and quality 0 Insights Additional navigation options Code Issues Pull requests Actions Projects Security and quality Insights [cpagent78/crawler-network] [P3] 크롤러 피드백 API + 학습 로직 #58 New,0,baixa,8.0,médio,0.02,0.0,Descartar como conteúdo informativo ou falso positivo.,Não foram encontrados sinais suficientes de uma oportunidade executável.,rejected,0,,0,GitHub Sponsors,1,0,2026-07-15T17:38:15.612060+00:00,github:vikingr2023/awesome-agent-bounties#58,Vikingr2023,awesome-agent-bounties,58,https://github.com/Vikingr2023/awesome-agent-bounties/issues/58
40,[Open-Source-Bazaar/Open-Source-Bazaar.github.io] 基于 OCToken NFT 机制实现【开放协作人奖】颁发程序,open_source_bounty,GitHub Reward Issues,https://github.com/Vikingr2023/awesome-agent-bounties/issues/57,,,,signed in to change notification settings Fork 8 Star 0 Code Issues 271 Pull requests 4 Actions Projects Security and quality 0 Insights Additional navigation options Code Issues Pull requests Actions Projects Security and quality Insights [Open-Source-Bazaar/Open-Source-Bazaar,0,baixa,8.0,médio,0.02,0.0,Descartar como conteúdo informativo ou falso positivo.,Não foram encontrados sinais suficientes de uma oportunidade executável.,rejected,0,,0,GitHub Sponsors,1,0,2026-07-15T17:38:17.426606+00:00,github:vikingr2023/awesome-agent-bounties#57,Vikingr2023,awesome-agent-bounties,57,https://github.com/Vikingr2023/awesome-agent-bounties/issues/57
41,[Digital-Nomad-Home/LinJuLi-MiniApp] 开发开源悬赏平台的“权益商城”功能,open_source_bounty,GitHub Reward Issues,https://github.com/Vikingr2023/awesome-agent-bounties/issues/56,,,,signed in to change notification settings Fork 8 Star 0 Code Issues 271 Pull requests 4 Actions Projects Security and quality 0 Insights Additional navigation options Code Issues Pull requests Actions Projects Security and quality Insights [Digital-Nomad-Home/LinJuLi-MiniApp] 开发开源悬赏平台的“权益商城”功能 #56 N,0,baixa,8.0,médio,0.02,0.0,Descartar como conteúdo informativo ou falso positivo.,Não foram encontrados sinais suficientes de uma oportunidade executável.,rejected,0,,0,GitHub Sponsors,1,0,2026-07-15T17:38:19.273618+00:00,github:vikingr2023/awesome-agent-bounties#56,Vikingr2023,awesome-agent-bounties,56,https://github.com/Vikingr2023/awesome-agent-bounties/issues/56
42,[Digital-Nomad-Home/LinJuLi-MiniApp] 开发开源悬赏平台“代币交易所” 功能,open_source_bounty,GitHub Reward Issues,https://github.com/Vikingr2023/awesome-agent-bounties/issues/55,,,,signed in to change notification settings Fork 8 Star 0 Code Issues 271 Pull requests 4 Actions Projects Security and quality 0 Insights Additional navigation options Code Issues Pull requests Actions Projects Security and quality Insights [Digital-Nomad-Home/LinJuLi-MiniApp] 开发开源悬赏平台“代币交易所” 功能 #55,0,baixa,8.0,médio,0.02,0.0,Descartar como conteúdo informativo ou falso positivo.,Não foram encontrados sinais suficientes de uma oportunidade executável.,rejected,0,,0,GitHub Sponsors,1,0,2026-07-15T17:38:20.881669+00:00,github:vikingr2023/awesome-agent-bounties#55,Vikingr2023,awesome-agent-bounties,55,https://github.com/Vikingr2023/awesome-agent-bounties/issues/55
43,[Digital-Nomad-Home/LinJuLi-MiniApp] 开源悬赏平台增加“交易”功能,open_source_bounty,GitHub Reward Issues,https://github.com/Vikingr2023/awesome-agent-bounties/issues/54,,,,signed in to change notification settings Fork 8 Star 0 Code Issues 271 Pull requests 4 Actions Projects Security and quality 0 Insights Additional navigation options Code Issues Pull requests Actions Projects Security and quality Insights [Digital-Nomad-Home/LinJuLi-MiniApp] 开源悬赏平台增加“交易”功能 #54 New,0,baixa,8.0,médio,0.02,0.0,Descartar como conteúdo informativo ou falso positivo.,Não foram encontrados sinais suficientes de uma oportunidade executável.,rejected,0,,0,GitHub Sponsors,1,0,2026-07-15T17:38:22.543291+00:00,github:vikingr2023/awesome-agent-bounties#54,Vikingr2023,awesome-agent-bounties,54,https://github.com/Vikingr2023/awesome-agent-bounties/issues/54
44,[harnessclaw/harnessclaw] [Reward] HarnessClaw 体验测评（任一场景） #2,open_source_bounty,GitHub Reward Issues,https://github.com/Vikingr2023/awesome-agent-bounties/issues/53,,,,signed in to change notification settings Fork 8 Star 0 Code Issues 271 Pull requests 4 Actions Projects Security and quality 0 Insights Additional navigation options Code Issues Pull requests Actions Projects Security and quality Insights [harnessclaw/harnessclaw] [Reward] HarnessClaw 体验测评（任一场景） #2,0,baixa,8.0,médio,0.02,0.0,Descartar como conteúdo informativo ou falso positivo.,Não foram encontrados sinais suficientes de uma oportunidade executável.,rejected,0,,0,GitHub Sponsors,1,0,2026-07-15T17:38:24.376149+00:00,github:vikingr2023/awesome-agent-bounties#53,Vikingr2023,awesome-agent-bounties,53,https://github.com/Vikingr2023/awesome-agent-bounties/issues/53
45,[Open-Source-Bazaar/Open-Source-Bazaar.github.io] 开源市集代码贡献指南,open_source_bounty,GitHub Reward Issues,https://github.com/Vikingr2023/awesome-agent-bounties/issues/51,,,,signed in to change notification settings Fork 8 Star 0 Code Issues 271 Pull requests 4 Actions Projects Security and quality 0 Insights Additional navigation options Code Issues Pull requests Actions Projects Security and quality Insights [Open-Source-Bazaar/Open-Source-Bazaar,0,baixa,8.0,médio,0.02,0.0,Descartar como conteúdo informativo ou falso positivo.,Não foram encontrados sinais suficientes de uma oportunidade executável.,rejected,0,,0,GitHub Sponsors,1,0,2026-07-15T17:38:26.125060+00:00,github:vikingr2023/awesome-agent-bounties#51,Vikingr2023,awesome-agent-bounties,51,https://github.com/Vikingr2023/awesome-agent-bounties/issues/51
46,[Open-Source-Bazaar/Open-Source-Bazaar.github.io] [Reward] Bot Killer,open_source_bounty,GitHub Reward Issues,https://github.com/Vikingr2023/awesome-agent-bounties/issues/50,,,,signed in to change notification settings Fork 8 Star 0 Code Issues 271 Pull requests 4 Actions Projects Security and quality 0 Insights Additional navigation options Code Issues Pull requests Actions Projects Security and quality Insights [Open-Source-Bazaar/Open-Source-Bazaar,0,baixa,8.0,médio,0.02,0.0,Descartar como conteúdo informativo ou falso positivo.,Não foram encontrados sinais suficientes de uma oportunidade executável.,rejected,0,,0,GitHub Sponsors,1,0,2026-07-15T17:38:27.830838+00:00,github:vikingr2023/awesome-agent-bounties#50,Vikingr2023,awesome-agent-bounties,50,https://github.com/Vikingr2023/awesome-agent-bounties/issues/50
47,[idea2app/MobX-GitHub] MobX-GitHub 新增 Git Tree API 封装类,open_source_bounty,GitHub Reward Issues,https://github.com/Vikingr2023/awesome-agent-bounties/issues/49,,,,signed in to change notification settings Fork 8 Star 0 Code Issues 271 Pull requests 4 Actions Projects Security and quality 0 Insights Additional navigation options Code Issues Pull requests Actions Projects Security and quality Insights [idea2app/MobX-GitHub] MobX-GitHub 新增 Git Tree API 封装类 #49 N,0,baixa,8.0,médio,0.02,0.0,Descartar como conteúdo informativo ou falso positivo.,Não foram encontrados sinais suficientes de uma oportunidade executável.,rejected,0,,0,GitHub Sponsors,1,0,2026-07-15T17:38:29.531264+00:00,github:vikingr2023/awesome-agent-bounties#49,Vikingr2023,awesome-agent-bounties,49,https://github.com/Vikingr2023/awesome-agent-bounties/issues/49
49,[Reward] HarnessClaw 体验测评（任一场景） #2,open_source_bounty,GitHub Reward Issues,https://github.com/harnessclaw/harnessclaw/issues/66,,,,signed in to change notification settings Fork 89 Star 332 Code Issues 2 Pull requests 7 Actions Projects Security and quality 0 Insights Additional navigation options Code Issues Pull requests Actions Projects Security and quality Insights [Reward] HarnessClaw 体验测评（任一场景） #2 #66 New issue Copy link,0,baixa,8.0,médio,0.02,0.0,Descartar como conteúdo informativo ou falso positivo.,Não foram encontrados sinais suficientes de uma oportunidade executável.,rejected,0,,0,GitHub Sponsors,1,0,2026-07-15T17:38:31.943905+00:00,github:harnessclaw/harnessclaw#66,harnessclaw,harnessclaw,66,https://github.com/harnessclaw/harnessclaw/issues/66
15,Frantic bounty #46: Publish Sourcey docs for a second ecosystem,open_source_bounty,GitHub Bounty Issues,https://github.com/auscaster/frantic-board/issues/97,,,,signed in to change notification settings Fork 27 Star 111 Code Issues 46 Pull requests 48 Actions Projects Security and quality 0 Insights Additional navigation options Code Issues Pull requests Actions Projects Security and quality Insights Frantic bounty #46: Publish Sourcey docs for a second eco,0,baixa,8.0,médio,0.02,0.0,Descartar como conteúdo informativo ou falso positivo.,Não foram encontrados sinais suficientes de uma oportunidade executável.,rejected,0,,0,GitHub Sponsors,1,0,2026-07-15T17:38:33.707689+00:00,github:auscaster/frantic-board#97,auscaster,frantic-board,97,https://github.com/auscaster/frantic-board/issues/97
16,Improve PI calculation accuracy,open_source_bounty,GitHub Bounty Issues,https://github.com/xevrion-v2/agent-playground/issues/14,,,,signed in to change notification settings Fork 439 Star 260 Code Issues 1,0,baixa,8.0,médio,0.02,0.0,Descartar como conteúdo informativo ou falso positivo.,Não foram encontrados sinais suficientes de uma oportunidade executável.,rejected,0,,0,GitHub Sponsors,1,0,2026-07-15T17:38:35.789373+00:00,github:xevrion-v2/agent-playground#14,xevrion-v2,agent-playground,14,https://github.com/xevrion-v2/agent-playground/issues/14
17,Implement infinite sequence iterator,open_source_bounty,GitHub Bounty Issues,https://github.com/xevrion-v2/agent-playground/issues/15,,,,signed in to change notification settings Fork 439 Star 260 Code Issues 1,0,baixa,8.0,médio,0.02,0.0,Descartar como conteúdo informativo ou falso positivo.,Não foram encontrados sinais suficientes de uma oportunidade executável.,rejected,0,,0,GitHub Sponsors,1,0,2026-07-15T17:38:37.634982+00:00,github:xevrion-v2/agent-playground#15,xevrion-v2,agent-playground,15,https://github.com/xevrion-v2/agent-playground/issues/15
18,Add request body size limit,open_source_bounty,GitHub Bounty Issues,https://github.com/xevrion-v2/agent-playground/issues/9,,,,signed in to change notification settings Fork 439 Star 260 Code Issues 1,0,baixa,8.0,médio,0.02,0.0,Descartar como conteúdo informativo ou falso positivo.,Não foram encontrados sinais suficientes de uma oportunidade executável.,rejected,0,,0,GitHub Sponsors,1,0,2026-07-15T17:38:39.706949+00:00,github:xevrion-v2/agent-playground#9,xevrion-v2,agent-playground,9,https://github.com/xevrion-v2/agent-playground/issues/9
20,Improve Prisma schema comments,open_source_bounty,GitHub Bounty Issues,https://github.com/xevrion-v2/agent-playground/issues/5,,,,signed in to change notification settings Fork 439 Star 260 Code Issues 1,0,baixa,8.0,médio,0.02,0.0,Descartar como conteúdo informativo ou falso positivo.,Não foram encontrados sinais suficientes de uma oportunidade executável.,rejected,0,,0,GitHub Sponsors,1,0,2026-07-15T17:38:41.855944+00:00,github:xevrion-v2/agent-playground#5,xevrion-v2,agent-playground,5,https://github.com/xevrion-v2/agent-playground/issues/5
21,Document environment variables,open_source_bounty,GitHub Bounty Issues,https://github.com/xevrion-v2/agent-playground/issues/4,,,,signed in to change notification settings Fork 439 Star 260 Code Issues 1,0,baixa,8.0,médio,0.02,0.0,Descartar como conteúdo informativo ou falso positivo.,Não foram encontrados sinais suficientes de uma oportunidade executável.,rejected,0,,0,GitHub Sponsors,1,0,2026-07-15T17:38:43.864004+00:00,github:xevrion-v2/agent-playground#4,xevrion-v2,agent-playground,4,https://github.com/xevrion-v2/agent-playground/issues/4
22,Improve API route TODO coverage,open_source_bounty,GitHub Bounty Issues,https://github.com/xevrion-v2/agent-playground/issues/10,,,,signed in to change notification settings Fork 439 Star 260 Code Issues 1,0,baixa,8.0,médio,0.02,0.0,Descartar como conteúdo informativo ou falso positivo.,Não foram encontrados sinais suficientes de uma oportunidade executável.,rejected,0,,0,GitHub Sponsors,1,0,2026-07-15T17:38:45.796664+00:00,github:xevrion-v2/agent-playground#10,xevrion-v2,agent-playground,10,https://github.com/xevrion-v2/agent-playground/issues/10
23,Normalize health check response shape,open_source_bounty,GitHub Bounty Issues,https://github.com/xevrion-v2/agent-playground/issues/8,,,,signed in to change notification settings Fork 439 Star 260 Code Issues 1,0,baixa,8.0,médio,0.02,0.0,Descartar como conteúdo informativo ou falso positivo.,Não foram encontrados sinais suficientes de uma oportunidade executável.,rejected,0,,0,GitHub Sponsors,1,0,2026-07-15T17:38:47.863774+00:00,github:xevrion-v2/agent-playground#8,xevrion-v2,agent-playground,8,https://github.com/xevrion-v2/agent-playground/issues/8
24,Write unit tests for user routes,open_source_bounty,GitHub Bounty Issues,https://github.com/xevrion-v2/agent-playground/issues/12,,,,signed in to change notification settings Fork 439 Star 260 Code Issues 1,0,baixa,8.0,médio,0.02,0.0,Descartar como conteúdo informativo ou falso positivo.,Não foram encontrados sinais suficientes de uma oportunidade executável.,rejected,0,,0,GitHub Sponsors,1,0,2026-07-15T17:38:50.005268+00:00,github:xevrion-v2/agent-playground#12,xevrion-v2,agent-playground,12,https://github.com/xevrion-v2/agent-playground/issues/12
127,"Introduce the architectural distinction between ""Grant Layer Authority"" and ""Execution Layer Evidence",grant,GitHub Grant Issues,https://github.com/Maisy-ML/Agent-Authorization-Use-Cases/issues/10,,,,"signed in to change notification settings Fork 3 Star 0 Code Issues 7 Pull requests 0 Actions Projects Security and quality 0 Insights Additional navigation options Code Issues Pull requests Actions Projects Security and quality Insights Introduce the architectural distinction between ""Grant Layer A",0,baixa,8.0,médio,0.02,0.0,Descartar como conteúdo informativo ou falso positivo.,Não foram encontrados sinais suficientes de uma oportunidade executável.,rejected,0,,0,GitHub Sponsors,1,0,2026-07-15T17:38:51.855776+00:00,github:maisy-ml/agent-authorization-use-cases#10,Maisy-ML,Agent-Authorization-Use-Cases,10,https://github.com/Maisy-ML/Agent-Authorization-Use-Cases/issues/10
203,🎯 Bounty Alert: 15 New Opportunityies found,ai_bounty,AI Agent Bounties,https://github.com/dev-kp-eloper/BountyScout/issues/476,,,,signed in to change notification settings Fork 26 Star 11 Code Issues 431 Pull requests 23 Actions Projects Security and quality 0 Insights Additional navigation options Code Issues Pull requests Actions Projects Security and quality Insights 🎯 Bounty Alert: 15 New Opportunityies found #476 New issu,0,baixa,8.0,médio,0.02,0.0,Descartar como conteúdo informativo ou falso positivo.,Não foram encontrados sinais suficientes de uma oportunidade executável.,rejected,0,,0,GitHub Sponsors,1,0,2026-07-15T17:38:53.773594+00:00,github:dev-kp-eloper/bountyscout#476,dev-kp-eloper,BountyScout,476,https://github.com/dev-kp-eloper/BountyScout/issues/476
205,🎯 Bounty Alert: 12 New Opportunityies found,ai_bounty,AI Agent Bounties,https://github.com/vansh-09/BountyScout/issues/366,,,,signed in to change notification settings Fork 10 Star 3 Code Issues 381 Actions Projects Security and quality 0 Insights Additional navigation options Code Issues Actions Projects Security and quality Insights 🎯 Bounty Alert: 12 New Opportunityies found #366 New issue Copy link New issue Copy link,0,baixa,8.0,médio,0.02,0.0,Descartar como conteúdo informativo ou falso positivo.,Não foram encontrados sinais suficientes de uma oportunidade executável.,rejected,0,,0,GitHub Sponsors,1,0,2026-07-15T17:38:55.547525+00:00,github:vansh-09/bountyscout#366,vansh-09,BountyScout,366,https://github.com/vansh-09/BountyScout/issues/366
206,🎯 Bounty Alert: 12 New Opportunityies found,ai_bounty,AI Agent Bounties,https://github.com/freedom-winds/BountyScout/issues/92,,,,signed in to change notification settings Fork 0 Star 0 Code Issues 106 Pull requests 1 Actions Projects Security and quality 0 Insights Additional navigation options Code Issues Pull requests Actions Projects Security and quality Insights 🎯 Bounty Alert: 12 New Opportunityies found #92 New issue Co,0,baixa,8.0,médio,0.02,0.0,Descartar como conteúdo informativo ou falso positivo.,Não foram encontrados sinais suficientes de uma oportunidade executável.,rejected,0,,0,GitHub Sponsors,1,0,2026-07-15T17:38:57.389287+00:00,github:freedom-winds/bountyscout#92,freedom-winds,BountyScout,92,https://github.com/freedom-winds/BountyScout/issues/92
179,[EASY BOUNTY: 2 RTC] Leave an Honest Review of BoTTube on ToolPilot.ai,ai_bounty,AI Agent Bounties,https://github.com/Scottcjn/rustchain-bounties/issues/2155,,,,Must actually use bottube,0,baixa,8.0,médio,0.02,0.0,Descartar como conteúdo informativo ou falso positivo.,Não foram encontrados sinais suficientes de uma oportunidade executável.,rejected,1,,0,"Criptomoeda, GitHub Sponsors",1,0,2026-07-15T17:38:59.429978+00:00,github:scottcjn/rustchain-bounties#2155,Scottcjn,rustchain-bounties,2155,https://github.com/Scottcjn/rustchain-bounties/issues/2155
70,[API]: Api.Airforce,paid_development,GitHub Paid Issues,https://github.com/open-free-llm-api/awesome-freellm-apis/issues/11,,,,[x] I confirm that this API has a genuine free tier that does not require immediate payment,0,baixa,8.0,médio,0.02,0.0,Descartar como conteúdo informativo ou falso positivo.,Não foram encontrados sinais suficientes de uma oportunidade executável.,rejected,0,,0,GitHub Sponsors,1,0,2026-07-15T17:39:01.108547+00:00,github:open-free-llm-api/awesome-freellm-apis#11,open-free-llm-api,awesome-freellm-apis,11,https://github.com/open-free-llm-api/awesome-freellm-apis/issues/11
14,Frantic bounty #98: Write honestly about Frantic for runway (no cash eligibility needed),open_source_bounty,GitHub Bounty Issues,https://github.com/auscaster/frantic-board/issues/278,,,,needed) open_source_bounty GitHub Bounty Issues Frantic bounty #98 Write honestly about Frantic for runway (no cash eligibility needed) Worker price: $0 Slots: 25 (20 available) Status: Available Claim: https://gofrantic,0,baixa,8.0,médio,0.02,0.0,Descartar como conteúdo informativo ou falso positivo.,Não foram encontrados sinais suficientes de uma oportunidade executável.,rejected,0,eligibility needed) open_source_bounty GitHub Bounty Issues Frantic bounty #98 Write honestly about Frantic for runway (no cash eligibility needed) Worker price: $0 Slots:,0,GitHub Sponsors,1,0,2026-07-15T17:39:03.045050+00:00,github:auscaster/frantic-board#278,auscaster,frantic-board,278,https://github.com/auscaster/frantic-board/issues/278
200,[Baseline] news,ai_bounty,AI Agent Bounties,https://github.com/wearshoes/AnthropicNotification/issues/45,,,,signed in to change notification settings Fork 0 Star 0 Code Issues 20 Pull requests 0 Actions Projects Security and quality 0 Insights Additional navigation options Code Issues Pull requests Actions Projects Security and quality Insights [Baseline] news #45 New issue Copy link New issue Copy link O,0,média,30.0,médio,0.02,0.0,Descartar como conteúdo informativo ou falso positivo.,Não foram encontrados sinais suficientes de uma oportunidade executável.,rejected,0,,0,GitHub Sponsors,1,0,2026-07-17T20:38:12.754671+00:00,github:wearshoes/anthropicnotification#45,wearshoes,AnthropicNotification,45,https://github.com/wearshoes/AnthropicNotification/issues/45
88,[Bug] ZCode after OAuth login only shows GLM-5.2 and GLM-5-TURBO in model picker — rest of Coding Plan models missing,paid_development,GitHub Paid Issues,https://github.com/zai-org/feedback/issues/130,,,,signed in to change notification settings Fork 1 Star 10 Code Issues 137 Pull requests 0 Discussions Actions Projects Security and quality 0 Insights Additional navigation options Code Issues Pull requests Discussions Actions Projects Security and quality Insights [Bug] ZCode after OAuth login only,0,baixa,8.0,médio,0.02,0.0,Descartar como conteúdo informativo ou falso positivo.,Não foram encontrados sinais suficientes de uma oportunidade executável.,rejected,0,,0,GitHub Sponsors,1,0,2026-07-17T20:38:14.592350+00:00,github:zai-org/feedback#130,zai-org,feedback,130,https://github.com/zai-org/feedback/issues/130
76,"Subscription→knob linkage phase 1 (CLAUDE, owner-directed 2026-07-10,...",paid_development,GitHub Paid Issues,https://github.com/jaywedgeworth22/api-usage-monitor/issues/147,,,,"signed in to change notification settings Fork 0 Star 1 Code Issues 150 Pull requests 2 Actions Projects Security and quality 0 Insights Additional navigation options Code Issues Pull requests Actions Projects Security and quality Insights Subscription→knob linkage phase 1 (CLAUDE, owner-directed 20",0,baixa,8.0,médio,0.02,0.0,Descartar como conteúdo informativo ou falso positivo.,Não foram encontrados sinais suficientes de uma oportunidade executável.,rejected,0,,0,GitHub Sponsors,1,0,2026-07-17T20:38:16.313049+00:00,github:jaywedgeworth22/api-usage-monitor#147,jaywedgeworth22,api-usage-monitor,147,https://github.com/jaywedgeworth22/api-usage-monitor/issues/147
79,Automatic Cloudflare + Google Cloud billing and zero-cost remediation (CODEX +...,paid_development,GitHub Paid Issues,https://github.com/jaywedgeworth22/api-usage-monitor/issues/170,,,,signed in to change notification settings Fork 0 Star 1 Code Issues 150 Pull requests 2 Actions Projects Security and quality 0 Insights Additional navigation options Code Issues Pull requests Actions Projects Security and quality Insights Automatic Cloudflare + Google Cloud billing and zero-cost re,0,média,30.0,médio,0.02,0.0,Descartar como conteúdo informativo ou falso positivo.,Não foram encontrados sinais suficientes de uma oportunidade executável.,rejected,0,,0,GitHub Sponsors,1,0,2026-07-17T20:38:18.043745+00:00,github:jaywedgeworth22/api-usage-monitor#170,jaywedgeworth22,api-usage-monitor,170,https://github.com/jaywedgeworth22/api-usage-monitor/issues/170
82,Remaining-provider automatic enrichment implementation wave (CODEX + provider...,paid_development,GitHub Paid Issues,https://github.com/jaywedgeworth22/api-usage-monitor/issues/138,,,,signed in to change notification settings Fork 0 Star 1 Code Issues 150 Pull requests 2 Actions Projects Security and quality 0 Insights Additional navigation options Code Issues Pull requests Actions Projects Security and quality Insights Remaining-provider automatic enrichment implementation wave,0,baixa,8.0,médio,0.02,0.0,Descartar como conteúdo informativo ou falso positivo.,Não foram encontrados sinais suficientes de uma oportunidade executável.,rejected,0,,0,GitHub Sponsors,1,0,2026-07-17T20:38:19.673460+00:00,github:jaywedgeworth22/api-usage-monitor#138,jaywedgeworth22,api-usage-monitor,138,https://github.com/jaywedgeworth22/api-usage-monitor/issues/138
193,[Register] elevasyncsolutions-jpg — Agent Registration,ai_bounty,AI Agent Bounties,https://github.com/Scottcjn/contributors/issues/170,,,,signed in to change notification settings Fork 26 Star 54 Code Issues 3 Pull requests 1 Actions Projects Security and quality 0 Insights Additional navigation options Code Issues Pull requests Actions Projects Security and quality Insights [Register] elevasyncsolutions-jpg — Agent Registration #170,0,baixa,8.0,médio,0.02,0.0,Descartar como conteúdo informativo ou falso positivo.,Não foram encontrados sinais suficientes de uma oportunidade executável.,rejected,1,,0,"Criptomoeda, GitHub Sponsors",1,0,2026-07-17T20:38:21.359165+00:00,github:scottcjn/contributors#170,Scottcjn,contributors,170,https://github.com/Scottcjn/contributors/issues/170
4,[50 MRG] Tool: ros2_param_list mock mode parser,open_source_bounty,GitHub Bounty Issues,https://github.com/mergeos-bounties/ros2-mcp/issues/43,,,,signed in to change notification settings Fork 22 Star 9 Code Issues 9 Pull requests 9 Actions Projects Security and quality 0 Insights Additional navigation options Code Issues Pull requests Actions Projects Security and quality Insights [50 MRG] Tool: ros2_param_list mock mode parser #43 New issue,0,baixa,8.0,médio,0.02,0.0,Descartar como conteúdo informativo ou falso positivo.,Não foram encontrados sinais suficientes de uma oportunidade executável.,rejected,1,,0,GitHub Sponsors,1,0,2026-07-17T20:38:23.507789+00:00,github:mergeos-bounties/ros2-mcp#43,mergeos-bounties,ros2-mcp,43,https://github.com/mergeos-bounties/ros2-mcp/issues/43
121,Refer-a-friend v2 (backend): platform-agnostic Pro-days reward + atomic exactly-once grant,grant,GitHub Grant Issues,https://github.com/thomasluizon/orbit-api/issues/414,,,,signed in to change notification settings Fork 0 Star 2 Code Issues 10 Pull requests 0 Actions Projects Security and quality 0 Insights Additional navigation options Code Issues Pull requests Actions Projects Security and quality Insights Refer-a-friend v2 (backend): platform-agnostic Pro-days rewar,0,baixa,8.0,médio,0.02,0.0,Descartar como conteúdo informativo ou falso positivo.,Não foram encontrados sinais suficientes de uma oportunidade executável.,rejected,0,,0,"Stripe, GitHub Sponsors",1,0,2026-07-17T20:38:25.334469+00:00,github:thomasluizon/orbit-api#414,thomasluizon,orbit-api,414,https://github.com/thomasluizon/orbit-api/issues/414
134,fix(billing): subscription tier upgrade and credit grant are decoupled — paid tier with zero credits is possible,grant,GitHub Grant Issues,https://github.com/genfeedai/genfeed.ai/issues/1608,,,,signed in to change notification settings Fork 0 Star 2 Code Issues 195 Pull requests 6 Discussions Actions Projects Security and quality 0 Insights Additional navigation options Code Issues Pull requests Discussions Actions Projects Security and quality Insights fix(billing): subscription tier upgr,0,baixa,8.0,médio,0.02,0.0,Descartar como conteúdo informativo ou falso positivo.,Não foram encontrados sinais suficientes de uma oportunidade executável.,rejected,0,,0,"Stripe, GitHub Sponsors",1,0,2026-07-17T20:38:27.393108+00:00,github:genfeedai/genfeed.ai#1608,genfeedai,genfeed.ai,1608,https://github.com/genfeedai/genfeed.ai/issues/1608
143,"issue-to-pr workflow: Claude Code step grants Write + pytest execution alongside ANTHROPIC_API_KEY/GITHUB_TOKEN, enabling secret exfiltration via prompt-injected issue body",grant,GitHub Grant Issues,https://github.com/Osmantic/ODS/issues/1788,,,,signed in to change notification settings Fork 454 Star 3,0,baixa,8.0,médio,0.02,0.0,Descartar como conteúdo informativo ou falso positivo.,Não foram encontrados sinais suficientes de uma oportunidade executável.,rejected,0,,0,GitHub Sponsors,1,0,2026-07-17T20:38:29.228786+00:00,github:osmantic/ods#1788,Osmantic,ODS,1788,https://github.com/Osmantic/ODS/issues/1788
171,[ONBOARD] RustChain vs Zcash - Comment #4977724732,crypto_bounty,Crypto Bounties,https://github.com/Scottcjn/rustchain-bounties/issues/16148,,,,signed in to change notification settings Fork 358 Star 230 Code Issues 2,0,baixa,8.0,médio,0.02,0.0,Descartar como conteúdo informativo ou falso positivo.,Não foram encontrados sinais suficientes de uma oportunidade executável.,rejected,1,,0,"Criptomoeda, GitHub Sponsors",1,0,2026-07-17T20:38:30.842504+00:00,github:scottcjn/rustchain-bounties#16148,Scottcjn,rustchain-bounties,16148,https://github.com/Scottcjn/rustchain-bounties/issues/16148
93,"Global Cathodic Electrodeposition Coatings Market to Reach USD 9.2 Billion by 2034, Growing at a CAGR of 5.9%",competition,GitHub Prize Issues,https://github.com/heykam/Global-Cathodic-Electrodeposition-Coatings-Market-/issues/1,,,,overcome to achieve universal adoption,0,baixa,8.0,médio,0.02,0.0,Descartar como conteúdo informativo ou falso positivo.,Não foram encontrados sinais suficientes de uma oportunidade executável.,rejected,0,,0,GitHub Sponsors,1,0,2026-07-17T20:38:32.598197+00:00,github:heykam/global-cathodic-electrodeposition-coatings-market-#1,heykam,Global-Cathodic-Electrodeposition-Coatings-Market-,1,https://github.com/heykam/Global-Cathodic-Electrodeposition-Coatings-Market-/issues/1
196,Bug Bounty Report — libcperciva: use-after-free in network_ssl poke() triggered on every https_request completion,ai_bounty,AI Agent Bounties,https://github.com/Tarsnap/tarsnap/issues/724,,,,signed in to change notification settings Fork 79 Star 953 Code Issues 55 Pull requests 10 Actions Security and quality 0 Insights Additional navigation options Code Issues Pull requests Actions Security and quality Insights Bug Bounty Report — libcperciva: use-after-free in network_ssl poke() trigg,0,baixa,8.0,médio,0.02,0.0,Descartar como conteúdo informativo ou falso positivo.,Não foram encontrados sinais suficientes de uma oportunidade executável.,rejected,1,,0,GitHub Sponsors,1,0,2026-07-17T20:38:34.733823+00:00,github:tarsnap/tarsnap#724,Tarsnap,tarsnap,724,https://github.com/Tarsnap/tarsnap/issues/724
209,events feed: --source/--type filters (CLI/SDK/MCP) + quota 402→403 status migration,ai_integration,MCP Paid Opportunities,https://github.com/kychee-com/run402/issues/497,,,,signed in to change notification settings Fork 3 Star 22 Code Issues 15 Pull requests 3 Actions Projects Security and quality 0 Insights Additional navigation options Code Issues Pull requests Actions Projects Security and quality Insights events feed: --source/--type filters (CLI/SDK/MCP) + quota 4,0,baixa,8.0,médio,0.02,0.0,Descartar como conteúdo informativo ou falso positivo.,Não foram encontrados sinais suficientes de uma oportunidade executável.,rejected,1,,1,GitHub Sponsors,1,0,2026-07-17T20:38:36.526509+00:00,github:kychee-com/run402#497,kychee-com,run402,497,https://github.com/kychee-com/run402/issues/497
149,[ONBOARD: 3 RTC] Compare RustChain to Another Blockchain Project,crypto_bounty,Crypto Bounties,https://github.com/Scottcjn/rustchain-bounties/issues/2786,,,,Environmental approach - Community model - What each project does better 3,0,baixa,8.0,médio,0.02,0.0,Descartar como conteúdo informativo ou falso positivo.,Não foram encontrados sinais suficientes de uma oportunidade executável.,rejected,0,,0,GitHub Sponsors,1,0,2026-07-17T20:38:38.563153+00:00,github:scottcjn/rustchain-bounties#2786,Scottcjn,rustchain-bounties,2786,https://github.com/Scottcjn/rustchain-bounties/issues/2786
64,"Hard-filter suggester: suggest_hard_filters (declared candidates, greedy set under approval budget)",paid_development,GitHub Paid Issues,https://github.com/matheuspasche/pycreditools/issues/73,,,,signed in to change notification settings Fork 0 Star 0 Code Issues 13 Pull requests 0 Actions Projects Security and quality 0 Insights Additional navigation options Code Issues Pull requests Actions Projects Security and quality Insights Hard-filter suggester: suggest_hard_filters (declared candida,0,baixa,8.0,médio,0.02,0.0,Descartar como conteúdo informativo ou falso positivo.,Não foram encontrados sinais suficientes de uma oportunidade executável.,rejected,1,,0,GitHub Sponsors,1,0,2026-07-17T20:38:40.596796+00:00,github:matheuspasche/pycreditools#73,matheuspasche,pycreditools,73,https://github.com/matheuspasche/pycreditools/issues/73
71,v1.0.1 release tracker: Desktop GA foundation and release hygiene,paid_development,GitHub Paid Issues,https://github.com/electricsheephq/evaos-code-review-bot-neondiff/issues/484,,,,"real GitHub/npm/desktop releases; secrets and license keys must never appear in comments, logs, or evidence",0,baixa,8.0,médio,0.02,0.0,Descartar como conteúdo informativo ou falso positivo.,Não foram encontrados sinais suficientes de uma oportunidade executável.,rejected,1,,0,GitHub Sponsors,1,0,2026-07-17T20:38:42.518459+00:00,github:electricsheephq/evaos-code-review-bot-neondiff#484,electricsheephq,evaos-code-review-bot-neondiff,484,https://github.com/electricsheephq/evaos-code-review-bot-neondiff/issues/484
210,"Token spend and dollar cost as a first-class measure: driver reports exact per-turn usage, Gateway persists and prices it",ai_integration,MCP Paid Opportunities,https://github.com/thefrederiksen/devthrottle/issues/1608,,,,labeled estimated rather than silently mixed in,0,baixa,8.0,médio,0.02,0.0,Descartar como conteúdo informativo ou falso positivo.,Não foram encontrados sinais suficientes de uma oportunidade executável.,rejected,1,"Open Token spend and dollar cost as a first-class measure: driver reports exact per-turn usage, Gateway persists and prices it #1608 Copy link Labels enhancement New f",0,GitHub Sponsors,1,0,2026-07-17T20:38:44.321144+00:00,github:thefrederiksen/devthrottle#1608,thefrederiksen,devthrottle,1608,https://github.com/thefrederiksen/devthrottle/issues/1608
217,Add Engagement Triggered Automation,ai_integration,MCP Paid Opportunities,https://github.com/genfeedai/genfeed.ai/issues/1170,,,,Trigger evaluation must be bounded and must not delay analytics collection or publish execution,0,baixa,8.0,médio,0.02,0.0,Descartar como conteúdo informativo ou falso positivo.,Não foram encontrados sinais suficientes de uma oportunidade executável.,rejected,1,,0,GitHub Sponsors,1,0,2026-07-17T20:38:46.428776+00:00,github:genfeedai/genfeed.ai#1170,genfeedai,genfeed.ai,1170,https://github.com/genfeedai/genfeed.ai/issues/1170
218,Harden Publishing Setup,ai_integration,MCP Paid Opportunities,https://github.com/genfeedai/genfeed.ai/issues/1144,,,,without hiding behind Discord support or private logs,0,baixa,8.0,médio,0.02,0.0,Descartar como conteúdo informativo ou falso positivo.,Não foram encontrados sinais suficientes de uma oportunidade executável.,rejected,1,,0,GitHub Sponsors,1,0,2026-07-17T20:38:48.641388+00:00,github:genfeedai/genfeed.ai#1144,genfeedai,genfeed.ai,1144,https://github.com/genfeedai/genfeed.ai/issues/1144
220,Wire Skills Pro Workflow,ai_integration,MCP Paid Opportunities,https://github.com/genfeedai/genfeed.ai/issues/447,,,,and verification evidence from this PRD,0,baixa,8.0,médio,0.02,0.0,Descartar como conteúdo informativo ou falso positivo.,Não foram encontrados sinais suficientes de uma oportunidade executável.,rejected,1,,0,GitHub Sponsors,1,0,2026-07-17T20:38:50.734022+00:00,github:genfeedai/genfeed.ai#447,genfeedai,genfeed.ai,447,https://github.com/genfeedai/genfeed.ai/issues/447
222,P0: Enforce public-free and private-paid access at the GitHub authorization boundary,ai_integration,MCP Paid Opportunities,https://github.com/electricsheephq/evaos-code-review-bot-neondiff/issues/614,,,,signed in to change notification settings Fork 0 Star 4 Code Issues 83 Pull requests 7 Discussions Actions Projects Security and quality 0 Insights Additional navigation options Code Issues Pull requests Discussions Actions Projects Security and quality Insights P0: Enforce public-free and private-p,0,baixa,8.0,médio,0.02,0.0,Descartar como conteúdo informativo ou falso positivo.,Não foram encontrados sinais suficientes de uma oportunidade executável.,rejected,1,,0,GitHub Sponsors,1,0,2026-07-17T20:38:52.658685+00:00,github:electricsheephq/evaos-code-review-bot-neondiff#614,electricsheephq,evaos-code-review-bot-neondiff,614,https://github.com/electricsheephq/evaos-code-review-bot-neondiff/issues/614
223,Roadmap: metagraphed-core hybrid infra (Cloudflare edge · Railway core · Postgres),ai_integration,MCP Paid Opportunities,https://github.com/JSONbored/metagraphed/issues/2108,,,,signed in to change notification settings Fork 89 Star 12 Code Issues 84 Pull requests 6 Actions Projects Security and quality 0 Insights Additional navigation options Code Issues Pull requests Actions Projects Security and quality Insights Roadmap: metagraphed-core hybrid infra (Cloudflare edge · R,0,baixa,8.0,médio,0.02,0.0,Descartar como conteúdo informativo ou falso positivo.,Não foram encontrados sinais suficientes de uma oportunidade executável.,rejected,0,,0,GitHub Sponsors,1,0,2026-07-17T20:38:54.787312+00:00,github:jsonbored/metagraphed#2108,JSONbored,metagraphed,2108,https://github.com/JSONbored/metagraphed/issues/2108
96,feat: implement treasure hunt deeplink handling (app-side),competition,GitHub Prize Issues,https://github.com/synonymdev/bitkit-android/issues/1079,,,,signed in to change notification settings Fork 3 Star 12 Code Issues 94 Pull requests 11 Actions Projects Security and quality 0 Insights Additional navigation options Code Issues Pull requests Actions Projects Security and quality Insights feat: implement treasure hunt deeplink handling (app-side),0,baixa,8.0,médio,0.02,0.0,Descartar como conteúdo informativo ou falso positivo.,Não foram encontrados sinais suficientes de uma oportunidade executável.,rejected,1,,0,GitHub Sponsors,1,0,2026-07-17T20:38:56.600994+00:00,github:synonymdev/bitkit-android#1079,synonymdev,bitkit-android,1079,https://github.com/synonymdev/bitkit-android/issues/1079
130,"API-key integration tests: grant-order assertion relies on a granted_at tie, and empty-vs-nil is unasserted",grant,GitHub Grant Issues,https://github.com/vibexp/vibexp/issues/246,,,,"hydrated in grant order"") ``` But that order is not guaranteed: - `GetIntegrationsByAPIKeyID` hydrates with `ORDER BY granted_at` (`internal/repositories/postgres/apikey",0,baixa,8.0,médio,0.02,0.0,Descartar como conteúdo informativo ou falso positivo.,Não foram encontrados sinais suficientes de uma oportunidade executável.,rejected,1,,0,GitHub Sponsors,1,0,2026-07-17T20:38:58.354688+00:00,github:vibexp/vibexp#246,vibexp,vibexp,246,https://github.com/vibexp/vibexp/issues/246
138,[EPIC] MCP Execution Readiness and Bounded Context Grants,grant,GitHub Grant Issues,https://github.com/Joncallim/Forge/issues/172,,,,"producer (`admitMcpRequirement` → `McpAdmissionDecision`); `validateMcpExecutionDesign`, `deriveMcpGrantDecisions`, `evaluateWorkPackageMcpBroker`, and `requiresFilesystemGrantApproval` become shape-preserving adapters over it",0,baixa,8.0,médio,0.02,0.0,Descartar como conteúdo informativo ou falso positivo.,Não foram encontrados sinais suficientes de uma oportunidade executável.,rejected,1,,0,GitHub Sponsors,1,0,2026-07-17T20:39:00.503311+00:00,github:joncallim/forge#172,Joncallim,Forge,172,https://github.com/Joncallim/Forge/issues/172
139,[FEATURE] S3 — Deterministic bounded filesystem context grant/denial recovery,grant,GitHub Grant Issues,https://github.com/Joncallim/Forge/issues/178,,,,Treat `docs/architecture/issue-178-filesystem-grant-recovery,0,baixa,8.0,médio,0.02,0.0,Descartar como conteúdo informativo ou falso positivo.,Não foram encontrados sinais suficientes de uma oportunidade executável.,rejected,1,,0,GitHub Sponsors,1,0,2026-07-17T20:39:02.462967+00:00,github:joncallim/forge#178,Joncallim,Forge,178,https://github.com/Joncallim/Forge/issues/178
92,"competition integrity: reroll detection, cost pricing, ladder account-legitimacy",competition,GitHub Prize Issues,https://github.com/zgeoff/vers/issues/502,,,,"signed in to change notification settings Fork 0 Star 3 Code Issues 89 Pull requests 1 Actions Projects Security and quality 0 Insights Additional navigation options Code Issues Pull requests Actions Projects Security and quality Insights competition integrity: reroll detection, cost pricing, ladder",0,baixa,8.0,médio,0.02,0.0,Descartar como conteúdo informativo ou falso positivo.,Não foram encontrados sinais suficientes de uma oportunidade executável.,rejected,1,,0,GitHub Sponsors,1,0,2026-07-17T20:39:04.448620+00:00,github:zgeoff/vers#502,zgeoff,vers,502,https://github.com/zgeoff/vers/issues/502
101,Other missing root levels encountered (so far),competition,GitHub Prize Issues,https://github.com/Zaprit/LBPSearch/issues/28,,,,signed in to change notification settings Fork 4 Star 9 Code Issues 6 Pull requests 0 Discussions Actions Projects Security and quality 0 Insights Additional navigation options Code Issues Pull requests Discussions Actions Projects Security and quality Insights Other missing root levels encountered,0,baixa,8.0,médio,0.02,0.0,Descartar como conteúdo informativo ou falso positivo.,Não foram encontrados sinais suficientes de uma oportunidade executável.,rejected,0,,0,GitHub Sponsors,1,0,2026-07-17T20:39:06.242306+00:00,github:zaprit/lbpsearch#28,Zaprit,LBPSearch,28,https://github.com/Zaprit/LBPSearch/issues/28
12,[BOUNTY] RCS Support [14999$],open_source_bounty,GitHub Bounty Issues,https://github.com/microg/GmsCore/issues/2994,,,,signed in to change notification settings Fork 3k Star 13,0,baixa,8.0,médio,0.02,0.0,Descartar como conteúdo informativo ou falso positivo.,Não foram encontrados sinais suficientes de uma oportunidade executável.,rejected,0,,0,GitHub Sponsors,1,0,2026-07-17T20:39:08.450919+00:00,github:microg/gmscore#2994,microg,GmsCore,2994,https://github.com/microg/GmsCore/issues/2994
30,[BUG] Session Fixation + Session ID in URL $120,open_source_bounty,GitHub Bounty Issues,https://github.com/zhangjiayang6835-cyber/ai-research/issues/1198,,,,signed in to change notification settings Fork 60 Star 12 Code Issues 58 Pull requests 114 Discussions Actions Projects Security and quality 0 Insights Additional navigation options Code Issues Pull requests Discussions Actions Projects Security and quality Insights [BUG] Session Fixation + Session,0,baixa,8.0,médio,0.02,0.0,Descartar como conteúdo informativo ou falso positivo.,Não foram encontrados sinais suficientes de uma oportunidade executável.,rejected,0,,0,GitHub Sponsors,1,0,2026-07-17T21:44:22.996003+00:00,github:zhangjiayang6835-cyber/ai-research#1198,zhangjiayang6835-cyber,ai-research,1198,https://github.com/zhangjiayang6835-cyber/ai-research/issues/1198
78,"Provider account auto-enrichment + billing/subscription UX (CODEX,...",paid_development,GitHub Paid Issues,https://github.com/jaywedgeworth22/api-usage-monitor/issues/108,,,,signed in to change notification settings Fork 0 Star 1 Code Issues 150 Pull requests 2 Actions Projects Security and quality 0 Insights Additional navigation options Code Issues Pull requests Actions Projects Security and quality Insights Provider account auto-enrichment + billing/subscription UX (,0,baixa,8.0,médio,0.02,0.0,Descartar como conteúdo informativo ou falso positivo.,Não foram encontrados sinais suficientes de uma oportunidade executável.,rejected,0,,0,GitHub Sponsors,1,0,2026-07-17T21:44:25.351590+00:00,github:jaywedgeworth22/api-usage-monitor#108,jaywedgeworth22,api-usage-monitor,108,https://github.com/jaywedgeworth22/api-usage-monitor/issues/108
108,"[cross-repo] the coordination kit is the largest shell in the org and nothing shellchecks it — receivers can't (it's vendored), and its 4 SC1010s are false positives that would red any naive gate",competition,GitHub Prize Issues,https://github.com/FS-GG/.github/issues/648,,,,"assigned on its own line, *because* an `exit` inside `$( )` would otherwise be discarded and the guard would fail open",0,baixa,8.0,médio,0.02,0.0,Descartar como conteúdo informativo ou falso positivo.,Não foram encontrados sinais suficientes de uma oportunidade executável.,rejected,1,,0,GitHub Sponsors,1,0,2026-07-17T21:44:27.243259+00:00,github:fs-gg/.github#648,FS-GG,.github,648,https://github.com/FS-GG/.github/issues/648
129,"WORKSPACES is not working for object_type_plural = ""WORKSPACES"" of resource `snowflake_grant_privileges_to_account_role`",grant,GitHub Grant Issues,https://github.com/snowflakedb/terraform-provider-snowflake/issues/5004,,,,signed in to change notification settings Fork 516 Star 688 Code Issues 228 Pull requests 34 Discussions Actions Wiki Security and quality 0 Insights Additional navigation options Code Issues Pull requests Discussions Actions Wiki Security and quality Insights WORKSPACES is not working for object_ty,0,baixa,8.0,médio,0.02,0.0,Descartar como conteúdo informativo ou falso positivo.,Não foram encontrados sinais suficientes de uma oportunidade executável.,rejected,0,,0,GitHub Sponsors,1,0,2026-07-17T21:44:29.165923+00:00,github:snowflakedb/terraform-provider-snowflake#5004,snowflakedb,terraform-provider-snowflake,5004,https://github.com/snowflakedb/terraform-provider-snowflake/issues/5004
195,"docs.wal.app returns HTTP 403 to non-browser fetchers, blocking AI agents from reading the docs",ai_bounty,AI Agent Bounties,https://github.com/MystenLabs/MemWal/issues/463,,,,signed in to change notification settings Fork 21 Star 60 Code Issues 130 Pull requests 15 Actions Projects Security and quality 0 Insights Additional navigation options Code Issues Pull requests Actions Projects Security and quality Insights docs,0,baixa,8.0,médio,0.02,0.0,Descartar como conteúdo informativo ou falso positivo.,Não foram encontrados sinais suficientes de uma oportunidade executável.,rejected,0,,0,GitHub Sponsors,1,0,2026-07-17T21:44:31.239559+00:00,github:mystenlabs/memwal#463,MystenLabs,MemWal,463,https://github.com/MystenLabs/MemWal/issues/463
198,"Bug Bounty Report — libcperciva: OOM state corruption in network_ssl_read()/network_ssl_write() (phantom callbacks, assert abort)",ai_bounty,AI Agent Bounties,https://github.com/Tarsnap/tarsnap/issues/725,,,,signed in to change notification settings Fork 79 Star 953 Code Issues 55 Pull requests 10 Actions Security and quality 0 Insights Additional navigation options Code Issues Pull requests Actions Security and quality Insights Bug Bounty Report — libcperciva: OOM state corruption in network_ssl_read(),0,baixa,8.0,médio,0.02,0.0,Descartar como conteúdo informativo ou falso positivo.,Não foram encontrados sinais suficientes de uma oportunidade executável.,rejected,0,,0,GitHub Sponsors,1,0,2026-07-17T21:44:33.168222+00:00,github:tarsnap/tarsnap#725,Tarsnap,tarsnap,725,https://github.com/Tarsnap/tarsnap/issues/725
202,[ggalloni/CosmoForge] docs: produce_mock_inputs.rst documents a --config flag the,ai_bounty,AI Agent Bounties,https://github.com/Vikingr2023/awesome-agent-bounties/issues/337,,,,signed in to change notification settings Fork 12 Star 3 Code Issues 271 Pull requests 7 Actions Projects Security and quality 0 Insights Additional navigation options Code Issues Pull requests Actions Projects Security and quality Insights [ggalloni/CosmoForge] docs: produce_mock_inputs,0,baixa,8.0,médio,0.02,0.0,Descartar como conteúdo informativo ou falso positivo.,Não foram encontrados sinais suficientes de uma oportunidade executável.,rejected,0,,0,GitHub Sponsors,1,0,2026-07-17T21:44:35.308847+00:00,github:vikingr2023/awesome-agent-bounties#337,Vikingr2023,awesome-agent-bounties,337,https://github.com/Vikingr2023/awesome-agent-bounties/issues/337
207,"Bug Bounty Report — Kivaloo: kvlds_multiset()/kvlds-undump infinite hang on empty, truncated, or zero-length-entry dumps",ai_bounty,AI Agent Bounties,https://github.com/Tarsnap/tarsnap/issues/723,,,,signed in to change notification settings Fork 79 Star 953 Code Issues 55 Pull requests 10 Actions Security and quality 0 Insights Additional navigation options Code Issues Pull requests Actions Security and quality Insights Bug Bounty Report — Kivaloo: kvlds_multiset()/kvlds-undump infinite hang on,0,baixa,8.0,médio,0.02,0.0,Descartar como conteúdo informativo ou falso positivo.,Não foram encontrados sinais suficientes de uma oportunidade executável.,rejected,0,,0,GitHub Sponsors,1,0,2026-07-17T21:44:36.847577+00:00,github:tarsnap/tarsnap#723,Tarsnap,tarsnap,723,https://github.com/Tarsnap/tarsnap/issues/723
208,Bug Bounty Report — Kivaloo/libcperciva: chunked Transfer-Encoding off-by-two in http.c — remote abort / 2-byte heap overflow of kivaloo-s3,ai_bounty,AI Agent Bounties,https://github.com/Tarsnap/tarsnap/issues/722,,,,signed in to change notification settings Fork 79 Star 953 Code Issues 55 Pull requests 10 Actions Security and quality 0 Insights Additional navigation options Code Issues Pull requests Actions Security and quality Insights Bug Bounty Report — Kivaloo/libcperciva: chunked Transfer-Encoding off-by-t,0,baixa,8.0,médio,0.02,0.0,Descartar como conteúdo informativo ou falso positivo.,Não foram encontrados sinais suficientes de uma oportunidade executável.,rejected,0,,0,GitHub Sponsors,1,0,2026-07-17T21:44:38.575276+00:00,github:tarsnap/tarsnap#722,Tarsnap,tarsnap,722,https://github.com/Tarsnap/tarsnap/issues/722
31,[Reward] Bot Killer,open_source_bounty,GitHub Reward Issues,https://github.com/Open-Source-Bazaar/Open-Source-Bazaar.github.io/issues/89,,,,signed in to change notification settings Fork 15 Star 8 Code Issues 6 Pull requests 11 Discussions Actions Projects Security and quality 0 Insights Additional navigation options Code Issues Pull requests Discussions Actions Projects Security and quality Insights [Reward] Bot Killer #89 New issue Co,0,baixa,8.0,médio,0.02,0.0,Descartar como conteúdo informativo ou falso positivo.,Não foram encontrados sinais suficientes de uma oportunidade executável.,rejected,0,,0,GitHub Sponsors,1,0,2026-07-17T21:44:40.661909+00:00,github:open-source-bazaar/open-source-bazaar.github.io#89,Open-Source-Bazaar,Open-Source-Bazaar.github.io,89,https://github.com/Open-Source-Bazaar/Open-Source-Bazaar.github.io/issues/89
59,Add clinical data to reward (3-week clinical results),open_source_bounty,GitHub Reward Issues,https://github.com/wd7512/rl-health-interventions/issues/132,,,,signed in to change notification settings Fork 1 Star 0 Code Issues 5 Pull requests 6 Actions Projects Security and quality 0 Insights Additional navigation options Code Issues Pull requests Actions Projects Security and quality Insights Add clinical data to reward (3-week clinical results) #132 New,0,baixa,8.0,médio,0.02,0.0,Descartar como conteúdo informativo ou falso positivo.,Não foram encontrados sinais suficientes de uma oportunidade executável.,rejected,0,,0,GitHub Sponsors,1,0,2026-07-17T21:44:45.913990+00:00,github:wd7512/rl-health-interventions#132,wd7512,rl-health-interventions,132,https://github.com/wd7512/rl-health-interventions/issues/132
150,[ONBOARD] RustChain vs Massa - Comment #4977806236,crypto_bounty,Crypto Bounties,https://github.com/Scottcjn/rustchain-bounties/issues/16169,,,,signed in to change notification settings Fork 358 Star 230 Code Issues 2,0,baixa,8.0,médio,0.02,0.0,Descartar como conteúdo informativo ou falso positivo.,Não foram encontrados sinais suficientes de uma oportunidade executável.,rejected,1,,0,"Criptomoeda, GitHub Sponsors",1,0,2026-07-17T21:44:48.292574+00:00,github:scottcjn/rustchain-bounties#16169,Scottcjn,rustchain-bounties,16169,https://github.com/Scottcjn/rustchain-bounties/issues/16169
151,[ONBOARD] RustChain vs SpaceMesh - Comment #4977805887,crypto_bounty,Crypto Bounties,https://github.com/Scottcjn/rustchain-bounties/issues/16168,,,,signed in to change notification settings Fork 358 Star 230 Code Issues 2,0,baixa,8.0,médio,0.02,0.0,Descartar como conteúdo informativo ou falso positivo.,Não foram encontrados sinais suficientes de uma oportunidade executável.,rejected,1,,0,"Criptomoeda, GitHub Sponsors",1,0,2026-07-17T21:44:50.058265+00:00,github:scottcjn/rustchain-bounties#16168,Scottcjn,rustchain-bounties,16168,https://github.com/Scottcjn/rustchain-bounties/issues/16168
152,[ONBOARD] RustChain vs Safe - Comment #4977805567,crypto_bounty,Crypto Bounties,https://github.com/Scottcjn/rustchain-bounties/issues/16167,,,,signed in to change notification settings Fork 358 Star 230 Code Issues 2,0,baixa,8.0,médio,0.02,0.0,Descartar como conteúdo informativo ou falso positivo.,Não foram encontrados sinais suficientes de uma oportunidade executável.,rejected,1,,0,"Criptomoeda, GitHub Sponsors",1,0,2026-07-17T21:44:52.029920+00:00,github:scottcjn/rustchain-bounties#16167,Scottcjn,rustchain-bounties,16167,https://github.com/Scottcjn/rustchain-bounties/issues/16167
153,[ONBOARD] RustChain vs Synapse Protocol - Comment #4977805195,crypto_bounty,Crypto Bounties,https://github.com/Scottcjn/rustchain-bounties/issues/16166,,,,signed in to change notification settings Fork 358 Star 230 Code Issues 2,0,baixa,8.0,médio,0.02,0.0,Descartar como conteúdo informativo ou falso positivo.,Não foram encontrados sinais suficientes de uma oportunidade executável.,rejected,1,,0,"Criptomoeda, GitHub Sponsors",1,0,2026-07-17T21:44:53.902591+00:00,github:scottcjn/rustchain-bounties#16166,Scottcjn,rustchain-bounties,16166,https://github.com/Scottcjn/rustchain-bounties/issues/16166
154,[ONBOARD] RustChain vs Across Protocol - Comment #4977804841,crypto_bounty,Crypto Bounties,https://github.com/Scottcjn/rustchain-bounties/issues/16165,,,,signed in to change notification settings Fork 359 Star 230 Code Issues 2,0,baixa,8.0,médio,0.02,0.0,Descartar como conteúdo informativo ou falso positivo.,Não foram encontrados sinais suficientes de uma oportunidade executável.,rejected,1,,0,"Criptomoeda, GitHub Sponsors",1,0,2026-07-18T17:15:27.979859+00:00,github:scottcjn/rustchain-bounties#16165,Scottcjn,rustchain-bounties,16165,https://github.com/Scottcjn/rustchain-bounties/issues/16165
155,[ONBOARD] RustChain vs RedStone - Comment #4977804501,crypto_bounty,Crypto Bounties,https://github.com/Scottcjn/rustchain-bounties/issues/16164,,,,signed in to change notification settings Fork 359 Star 230 Code Issues 2,0,baixa,8.0,médio,0.02,0.0,Descartar como conteúdo informativo ou falso positivo.,Não foram encontrados sinais suficientes de uma oportunidade executável.,rejected,1,,0,"Criptomoeda, GitHub Sponsors",1,0,2026-07-18T17:15:29.664564+00:00,github:scottcjn/rustchain-bounties#16164,Scottcjn,rustchain-bounties,16164,https://github.com/Scottcjn/rustchain-bounties/issues/16164
156,[ONBOARD] RustChain vs Supra - Comment #4977804080,crypto_bounty,Crypto Bounties,https://github.com/Scottcjn/rustchain-bounties/issues/16163,,,,signed in to change notification settings Fork 359 Star 230 Code Issues 2,0,baixa,8.0,médio,0.02,0.0,Descartar como conteúdo informativo ou falso positivo.,Não foram encontrados sinais suficientes de uma oportunidade executável.,rejected,1,,0,"Criptomoeda, GitHub Sponsors",1,0,2026-07-18T17:15:31.423256+00:00,github:scottcjn/rustchain-bounties#16163,Scottcjn,rustchain-bounties,16163,https://github.com/Scottcjn/rustchain-bounties/issues/16163
157,[ONBOARD] RustChain vs Band Protocol - Comment #4977803734,crypto_bounty,Crypto Bounties,https://github.com/Scottcjn/rustchain-bounties/issues/16162,,,,signed in to change notification settings Fork 359 Star 230 Code Issues 2,0,baixa,8.0,médio,0.02,0.0,Descartar como conteúdo informativo ou falso positivo.,Não foram encontrados sinais suficientes de uma oportunidade executável.,rejected,1,,0,"Criptomoeda, GitHub Sponsors",1,0,2026-07-18T17:15:33.221942+00:00,github:scottcjn/rustchain-bounties#16162,Scottcjn,rustchain-bounties,16162,https://github.com/Scottcjn/rustchain-bounties/issues/16162
158,[ONBOARD] RustChain vs Tellor - Comment #4977803435,crypto_bounty,Crypto Bounties,https://github.com/Scottcjn/rustchain-bounties/issues/16161,,,,signed in to change notification settings Fork 359 Star 230 Code Issues 2,0,baixa,8.0,médio,0.02,0.0,Descartar como conteúdo informativo ou falso positivo.,Não foram encontrados sinais suficientes de uma oportunidade executável.,rejected,1,,0,"Criptomoeda, GitHub Sponsors",1,0,2026-07-18T17:15:34.793666+00:00,github:scottcjn/rustchain-bounties#16161,Scottcjn,rustchain-bounties,16161,https://github.com/Scottcjn/rustchain-bounties/issues/16161
159,[ONBOARD] RustChain vs API3 - Comment #4977803072,crypto_bounty,Crypto Bounties,https://github.com/Scottcjn/rustchain-bounties/issues/16160,,,,signed in to change notification settings Fork 359 Star 230 Code Issues 2,0,baixa,8.0,médio,0.02,0.0,Descartar como conteúdo informativo ou falso positivo.,Não foram encontrados sinais suficientes de uma oportunidade executável.,rejected,1,,0,"Criptomoeda, GitHub Sponsors",1,0,2026-07-18T17:15:36.425380+00:00,github:scottcjn/rustchain-bounties#16160,Scottcjn,rustchain-bounties,16160,https://github.com/Scottcjn/rustchain-bounties/issues/16160
160,[ONBOARD] RustChain vs Centrifuge - Comment #4977763251,crypto_bounty,Crypto Bounties,https://github.com/Scottcjn/rustchain-bounties/issues/16159,,,,signed in to change notification settings Fork 359 Star 230 Code Issues 2,0,baixa,8.0,médio,0.02,0.0,Descartar como conteúdo informativo ou falso positivo.,Não foram encontrados sinais suficientes de uma oportunidade executável.,rejected,1,,0,"Criptomoeda, GitHub Sponsors",1,0,2026-07-18T17:15:38.075092+00:00,github:scottcjn/rustchain-bounties#16159,Scottcjn,rustchain-bounties,16159,https://github.com/Scottcjn/rustchain-bounties/issues/16159
161,[ONBOARD] RustChain vs Gods Unchained - Comment #4977762902,crypto_bounty,Crypto Bounties,https://github.com/Scottcjn/rustchain-bounties/issues/16158,,,,signed in to change notification settings Fork 359 Star 230 Code Issues 2,0,baixa,8.0,médio,0.02,0.0,Descartar como conteúdo informativo ou falso positivo.,Não foram encontrados sinais suficientes de uma oportunidade executável.,rejected,1,,0,"Criptomoeda, GitHub Sponsors",1,0,2026-07-18T17:15:39.742800+00:00,github:scottcjn/rustchain-bounties#16158,Scottcjn,rustchain-bounties,16158,https://github.com/Scottcjn/rustchain-bounties/issues/16158
162,[ONBOARD] RustChain vs Illuvium - Comment #4977762584,crypto_bounty,Crypto Bounties,https://github.com/Scottcjn/rustchain-bounties/issues/16157,,,,signed in to change notification settings Fork 359 Star 230 Code Issues 2,0,baixa,8.0,médio,0.02,0.0,Descartar como conteúdo informativo ou falso positivo.,Não foram encontrados sinais suficientes de uma oportunidade executável.,rejected,1,,0,"Criptomoeda, GitHub Sponsors",1,0,2026-07-18T17:15:41.302526+00:00,github:scottcjn/rustchain-bounties#16157,Scottcjn,rustchain-bounties,16157,https://github.com/Scottcjn/rustchain-bounties/issues/16157
163,[ONBOARD] RustChain vs Gala Games - Comment #4977762254,crypto_bounty,Crypto Bounties,https://github.com/Scottcjn/rustchain-bounties/issues/16156,,,,signed in to change notification settings Fork 359 Star 230 Code Issues 2,0,baixa,8.0,médio,0.02,0.0,Descartar como conteúdo informativo ou falso positivo.,Não foram encontrados sinais suficientes de uma oportunidade executável.,rejected,1,,0,"Criptomoeda, GitHub Sponsors",1,0,2026-07-18T17:15:42.914244+00:00,github:scottcjn/rustchain-bounties#16156,Scottcjn,rustchain-bounties,16156,https://github.com/Scottcjn/rustchain-bounties/issues/16156
164,[ONBOARD] RustChain vs Espresso Systems - Comment #4977761908,crypto_bounty,Crypto Bounties,https://github.com/Scottcjn/rustchain-bounties/issues/16155,,,,signed in to change notification settings Fork 359 Star 230 Code Issues 2,0,baixa,8.0,médio,0.02,0.0,Descartar como conteúdo informativo ou falso positivo.,Não foram encontrados sinais suficientes de uma oportunidade executável.,rejected,1,,0,"Criptomoeda, GitHub Sponsors",1,0,2026-07-18T17:15:44.544959+00:00,github:scottcjn/rustchain-bounties#16155,Scottcjn,rustchain-bounties,16155,https://github.com/Scottcjn/rustchain-bounties/issues/16155
165,[ONBOARD] RustChain vs Avail - Comment #4977761586,crypto_bounty,Crypto Bounties,https://github.com/Scottcjn/rustchain-bounties/issues/16154,,,,signed in to change notification settings Fork 359 Star 230 Code Issues 2,0,baixa,8.0,médio,0.02,0.0,Descartar como conteúdo informativo ou falso positivo.,Não foram encontrados sinais suficientes de uma oportunidade executável.,rejected,1,,0,"Criptomoeda, GitHub Sponsors",1,0,2026-07-18T17:15:46.154676+00:00,github:scottcjn/rustchain-bounties#16154,Scottcjn,rustchain-bounties,16154,https://github.com/Scottcjn/rustchain-bounties/issues/16154
166,[ONBOARD] RustChain vs Renzo Protocol - Comment #4977761247,crypto_bounty,Crypto Bounties,https://github.com/Scottcjn/rustchain-bounties/issues/16153,,,,signed in to change notification settings Fork 359 Star 230 Code Issues 2,0,baixa,8.0,médio,0.02,0.0,Descartar como conteúdo informativo ou falso positivo.,Não foram encontrados sinais suficientes de uma oportunidade executável.,rejected,1,,0,"Criptomoeda, GitHub Sponsors",1,0,2026-07-18T17:15:47.728401+00:00,github:scottcjn/rustchain-bounties#16153,Scottcjn,rustchain-bounties,16153,https://github.com/Scottcjn/rustchain-bounties/issues/16153
167,[ONBOARD] RustChain vs Puffer Finance - Comment #4977760902,crypto_bounty,Crypto Bounties,https://github.com/Scottcjn/rustchain-bounties/issues/16152,,,,signed in to change notification settings Fork 359 Star 230 Code Issues 2,0,baixa,8.0,médio,0.02,0.0,Descartar como conteúdo informativo ou falso positivo.,Não foram encontrados sinais suficientes de uma oportunidade executável.,rejected,1,,0,"Criptomoeda, GitHub Sponsors",1,0,2026-07-18T17:15:49.418105+00:00,github:scottcjn/rustchain-bounties#16152,Scottcjn,rustchain-bounties,16152,https://github.com/Scottcjn/rustchain-bounties/issues/16152
168,[ONBOARD] RustChain vs EtherFi - Comment #4977760583,crypto_bounty,Crypto Bounties,https://github.com/Scottcjn/rustchain-bounties/issues/16151,,,,signed in to change notification settings Fork 359 Star 230 Code Issues 2,0,baixa,8.0,médio,0.02,0.0,Descartar como conteúdo informativo ou falso positivo.,Não foram encontrados sinais suficientes de uma oportunidade executável.,rejected,1,,0,"Criptomoeda, GitHub Sponsors",1,0,2026-07-18T17:15:51.093812+00:00,github:scottcjn/rustchain-bounties#16151,Scottcjn,rustchain-bounties,16151,https://github.com/Scottcjn/rustchain-bounties/issues/16151
169,[ONBOARD] RustChain vs Nexus Mutual - Comment #4977760269,crypto_bounty,Crypto Bounties,https://github.com/Scottcjn/rustchain-bounties/issues/16150,,,,signed in to change notification settings Fork 359 Star 230 Code Issues 2,0,baixa,8.0,médio,0.02,0.0,Descartar como conteúdo informativo ou falso positivo.,Não foram encontrados sinais suficientes de uma oportunidade executável.,rejected,1,,0,"Criptomoeda, GitHub Sponsors",1,0,2026-07-18T17:47:24.656258+00:00,github:scottcjn/rustchain-bounties#16150,Scottcjn,rustchain-bounties,16150,https://github.com/Scottcjn/rustchain-bounties/issues/16150
170,[ONBOARD] RustChain vs OctaSpace - Comment #4977725156,crypto_bounty,Crypto Bounties,https://github.com/Scottcjn/rustchain-bounties/issues/16149,,,,signed in to change notification settings Fork 359 Star 230 Code Issues 2,0,baixa,8.0,médio,0.02,0.0,Descartar como conteúdo informativo ou falso positivo.,Não foram encontrados sinais suficientes de uma oportunidade executável.,rejected,1,,0,"Criptomoeda, GitHub Sponsors",1,0,2026-07-18T17:47:26.635912+00:00,github:scottcjn/rustchain-bounties#16149,Scottcjn,rustchain-bounties,16149,https://github.com/Scottcjn/rustchain-bounties/issues/16149
172,[ONBOARD] RustChain vs Taiko - Comment #4977724415,crypto_bounty,Crypto Bounties,https://github.com/Scottcjn/rustchain-bounties/issues/16147,,,,signed in to change notification settings Fork 359 Star 230 Code Issues 2,0,baixa,8.0,médio,0.02,0.0,Descartar como conteúdo informativo ou falso positivo.,Não foram encontrados sinais suficientes de uma oportunidade executável.,rejected,1,,0,"Criptomoeda, GitHub Sponsors",1,0,2026-07-18T17:47:28.696549+00:00,github:scottcjn/rustchain-bounties#16147,Scottcjn,rustchain-bounties,16147,https://github.com/Scottcjn/rustchain-bounties/issues/16147
173,[ONBOARD] RustChain vs Rootstock - Comment #4977724020,crypto_bounty,Crypto Bounties,https://github.com/Scottcjn/rustchain-bounties/issues/16146,,,,signed in to change notification settings Fork 359 Star 230 Code Issues 2,0,baixa,8.0,médio,0.02,0.0,Descartar como conteúdo informativo ou falso positivo.,Não foram encontrados sinais suficientes de uma oportunidade executável.,rejected,1,,0,"Criptomoeda, GitHub Sponsors",1,0,2026-07-18T17:47:30.779184+00:00,github:scottcjn/rustchain-bounties#16146,Scottcjn,rustchain-bounties,16146,https://github.com/Scottcjn/rustchain-bounties/issues/16146
174,[ONBOARD] RustChain vs Stacks - Comment #4977723642,crypto_bounty,Crypto Bounties,https://github.com/Scottcjn/rustchain-bounties/issues/16145,,,,signed in to change notification settings Fork 359 Star 230 Code Issues 2,0,baixa,8.0,médio,0.02,0.0,Descartar como conteúdo informativo ou falso positivo.,Não foram encontrados sinais suficientes de uma oportunidade executável.,rejected,1,,0,"Criptomoeda, GitHub Sponsors",1,0,2026-07-18T17:47:32.874817+00:00,github:scottcjn/rustchain-bounties#16145,Scottcjn,rustchain-bounties,16145,https://github.com/Scottcjn/rustchain-bounties/issues/16145
175,[ONBOARD] RustChain vs DeepBrain Chain - Comment #4977723235,crypto_bounty,Crypto Bounties,https://github.com/Scottcjn/rustchain-bounties/issues/16144,,,,signed in to change notification settings Fork 359 Star 230 Code Issues 2,0,baixa,8.0,médio,0.02,0.0,Descartar como conteúdo informativo ou falso positivo.,Não foram encontrados sinais suficientes de uma oportunidade executável.,rejected,1,,0,"Criptomoeda, GitHub Sponsors",1,0,2026-07-18T17:47:34.951454+00:00,github:scottcjn/rustchain-bounties#16144,Scottcjn,rustchain-bounties,16144,https://github.com/Scottcjn/rustchain-bounties/issues/16144
176,[ONBOARD] RustChain vs Presearch - Comment #4977722839,crypto_bounty,Crypto Bounties,https://github.com/Scottcjn/rustchain-bounties/issues/16143,,,,signed in to change notification settings Fork 359 Star 230 Code Issues 2,0,baixa,8.0,médio,0.02,0.0,Descartar como conteúdo informativo ou falso positivo.,Não foram encontrados sinais suficientes de uma oportunidade executável.,rejected,1,,0,"Criptomoeda, GitHub Sponsors",1,0,2026-07-18T17:47:36.974099+00:00,github:scottcjn/rustchain-bounties#16143,Scottcjn,rustchain-bounties,16143,https://github.com/Scottcjn/rustchain-bounties/issues/16143
177,[ONBOARD] RustChain vs Sentinel dVPN - Comment #4977722417,crypto_bounty,Crypto Bounties,https://github.com/Scottcjn/rustchain-bounties/issues/16142,,,,signed in to change notification settings Fork 359 Star 230 Code Issues 2,0,baixa,8.0,médio,0.02,0.0,Descartar como conteúdo informativo ou falso positivo.,Não foram encontrados sinais suficientes de uma oportunidade executável.,rejected,1,,0,"Criptomoeda, GitHub Sponsors",1,0,2026-07-18T17:47:38.959752+00:00,github:scottcjn/rustchain-bounties#16142,Scottcjn,rustchain-bounties,16142,https://github.com/Scottcjn/rustchain-bounties/issues/16142
178,[ONBOARD] RustChain vs Mysterium Network - Comment #4977722121,crypto_bounty,Crypto Bounties,https://github.com/Scottcjn/rustchain-bounties/issues/16141,,,,signed in to change notification settings Fork 359 Star 230 Code Issues 2,0,baixa,8.0,médio,0.02,0.0,Descartar como conteúdo informativo ou falso positivo.,Não foram encontrados sinais suficientes de uma oportunidade executável.,rejected,1,,0,"Criptomoeda, GitHub Sponsors",1,0,2026-07-18T17:47:40.994395+00:00,github:scottcjn/rustchain-bounties#16141,Scottcjn,rustchain-bounties,16141,https://github.com/Scottcjn/rustchain-bounties/issues/16141
62,chore: compound SKILL.md rule-budget rubric is STALE vs the linter (says critical>22000; actual REJECT=23000) — 98/198 rules unused over 8w,paid_development,GitHub Paid Issues,https://github.com/jikig-ai/soleur/issues/6461,,,,signed in to change notification settings Fork 2 Star 11 Code Issues 1k Pull requests 14 Discussions Actions Projects Security and quality 0 Insights Additional navigation options Code Issues Pull requests Discussions Actions Projects Security and quality Insights chore: compound SKILL,0,baixa,8.0,médio,0.02,0.0,Descartar como conteúdo informativo ou falso positivo.,Não foram encontrados sinais suficientes de uma oportunidade executável.,rejected,0,,0,GitHub Sponsors,1,0,2026-07-18T17:47:43.455965+00:00,github:jikig-ai/soleur#6461,jikig-ai,soleur,6461,https://github.com/jikig-ai/soleur/issues/6461
63,Feature backlog: competitor survey — everything Penny is still missing,paid_development,GitHub Paid Issues,https://github.com/hizawye/penny/issues/2,,,,signed in to change notification settings Fork 0 Star 0 Code Issues 2 Pull requests 0 Actions Projects Security and quality 0 Insights Additional navigation options Code Issues Pull requests Actions Projects Security and quality Insights Feature backlog: competitor survey — everything Penny is still,0,baixa,8.0,médio,0.02,0.0,Descartar como conteúdo informativo ou falso positivo.,Não foram encontrados sinais suficientes de uma oportunidade executável.,rejected,0,,0,GitHub Sponsors,1,0,2026-07-18T17:47:45.441617+00:00,github:hizawye/penny#2,hizawye,penny,2,https://github.com/hizawye/penny/issues/2
65,theredtool.com,paid_development,GitHub Paid Issues,https://github.com/AdguardTeam/AdguardFilters/issues/235807,,,,signed in to change notification settings Fork 813 Star 4,0,baixa,8.0,médio,0.02,0.0,Descartar como conteúdo informativo ou falso positivo.,Não foram encontrados sinais suficientes de uma oportunidade executável.,rejected,0,,0,GitHub Sponsors,1,0,2026-07-18T17:47:47.602240+00:00,github:adguardteam/adguardfilters#235807,AdguardTeam,AdguardFilters,235807,https://github.com/AdguardTeam/AdguardFilters/issues/235807
66,[security] Offline license ledger is cross-tenant (keyed by agent_id); agent-limit check fails open,paid_development,GitHub Paid Issues,https://github.com/RyjoxTechnologies/Octopoda-OS/issues/26,,,,signed in to change notification settings Fork 80 Star 501 Code Issues 13 Pull requests 0 Actions Projects Security and quality 0 Insights Additional navigation options Code Issues Pull requests Actions Projects Security and quality Insights [security] Offline license ledger is cross-tenant (keyed b,0,baixa,8.0,médio,0.02,0.0,Descartar como conteúdo informativo ou falso positivo.,Não foram encontrados sinais suficientes de uma oportunidade executável.,rejected,0,,0,GitHub Sponsors,1,0,2026-07-18T17:47:49.722873+00:00,github:ryjoxtechnologies/octopoda-os#26,RyjoxTechnologies,Octopoda-OS,26,https://github.com/RyjoxTechnologies/Octopoda-OS/issues/26
67,[security] /remember/batch bypasses tenant plan cap and platform usage metering,paid_development,GitHub Paid Issues,https://github.com/RyjoxTechnologies/Octopoda-OS/issues/23,,,,signed in to change notification settings Fork 80 Star 501 Code Issues 13 Pull requests 0 Actions Projects Security and quality 0 Insights Additional navigation options Code Issues Pull requests Actions Projects Security and quality Insights [security] /remember/batch bypasses tenant plan cap and pl,0,baixa,8.0,médio,0.02,0.0,Descartar como conteúdo informativo ou falso positivo.,Não foram encontrados sinais suficientes de uma oportunidade executável.,rejected,0,,0,GitHub Sponsors,1,0,2026-07-18T17:47:51.998469+00:00,github:ryjoxtechnologies/octopoda-os#23,RyjoxTechnologies,Octopoda-OS,23,https://github.com/RyjoxTechnologies/Octopoda-OS/issues/23
74,yandex.ru,paid_development,GitHub Paid Issues,https://github.com/AdguardTeam/AdguardFilters/issues/235725,,,,signed in to change notification settings Fork 813 Star 4,0,baixa,8.0,médio,0.02,0.0,Descartar como conteúdo informativo ou falso positivo.,Não foram encontrados sinais suficientes de uma oportunidade executável.,rejected,0,,0,GitHub Sponsors,1,0,2026-07-18T17:47:54.287068+00:00,github:adguardteam/adguardfilters#235725,AdguardTeam,AdguardFilters,235725,https://github.com/AdguardTeam/AdguardFilters/issues/235725
75,Epic: Phase 3 - Earned economy,paid_development,GitHub Paid Issues,https://github.com/Zactyz/Daily-Grid/issues/13,,,,,0,baixa,8.0,alto,0.02,0.0,Rejeitar ou revisar manualmente o endereço.,O link não respondeu como uma oportunidade ativa.,rejected,1,,0,GitHub Sponsors,0,0,2026-07-18T17:59:18.875200+00:00,github:zactyz/daily-grid#13,Zactyz,Daily-Grid,13,https://github.com/Zactyz/Daily-Grid/issues/13
77,Surface the Health Connect nutrition route as the supported food-tracker integration (copy + end-to-end ingest test),paid_development,GitHub Paid Issues,https://github.com/FloorLamp/allos/issues/770,,,,signed in to change notification settings Fork 0 Star 0 Code Issues 30 Pull requests 9 Actions Projects Wiki Security and quality 0 Insights Additional navigation options Code Issues Pull requests Actions Projects Wiki Security and quality Insights Surface the Health Connect nutrition route as the s,0,baixa,8.0,médio,0.02,0.0,Descartar como conteúdo informativo ou falso positivo.,Não foram encontrados sinais suficientes de uma oportunidade executável.,rejected,0,,0,GitHub Sponsors,1,0,2026-07-18T17:59:21.552736+00:00,github:floorlamp/allos#770,FloorLamp,allos,770,https://github.com/FloorLamp/allos/issues/770
80,"Remaining-provider automatic billing feasibility audit (CODEX-MONEY,...",paid_development,GitHub Paid Issues,https://github.com/jaywedgeworth22/api-usage-monitor/issues/169,,,,signed in to change notification settings Fork 0 Star 1 Code Issues 163 Pull requests 2 Actions Projects Security and quality 0 Insights Additional navigation options Code Issues Pull requests Actions Projects Security and quality Insights Remaining-provider automatic billing feasibility audit (CODE,0,baixa,8.0,médio,0.02,0.0,Descartar como conteúdo informativo ou falso positivo.,Não foram encontrados sinais suficientes de uma oportunidade executável.,rejected,0,,0,GitHub Sponsors,1,0,2026-07-18T17:59:24.063291+00:00,github:jaywedgeworth22/api-usage-monitor#169,jaywedgeworth22,api-usage-monitor,169,https://github.com/jaywedgeworth22/api-usage-monitor/issues/169
81,The Day Limit comes crashing down. Tot morgen China,paid_development,GitHub Paid Issues,https://github.com/attogram/attogram-pre-production-studio/issues/129,,,,,0,baixa,8.0,alto,0.02,0.0,Rejeitar ou revisar manualmente o endereço.,O link não respondeu como uma oportunidade ativa.,rejected,0,,0,GitHub Sponsors,0,0,2026-07-18T17:59:26.061942+00:00,github:attogram/attogram-pre-production-studio#129,attogram,attogram-pre-production-studio,129,https://github.com/attogram/attogram-pre-production-studio/issues/129
83,"Render SQLite readiness/restart-loop repair (CODEX, PR #178 merged as d03b1b8,...",paid_development,GitHub Paid Issues,https://github.com/jaywedgeworth22/api-usage-monitor/issues/249,,,,"signed in to change notification settings Fork 0 Star 1 Code Issues 163 Pull requests 2 Actions Projects Security and quality 0 Insights Additional navigation options Code Issues Pull requests Actions Projects Security and quality Insights Render SQLite readiness/restart-loop repair (CODEX, PR #178",0,baixa,8.0,médio,0.02,0.0,Descartar como conteúdo informativo ou falso positivo.,Não foram encontrados sinais suficientes de uma oportunidade executável.,rejected,0,,0,GitHub Sponsors,1,0,2026-07-18T17:59:28.312548+00:00,github:jaywedgeworth22/api-usage-monitor#249,jaywedgeworth22,api-usage-monitor,249,https://github.com/jaywedgeworth22/api-usage-monitor/issues/249
85,[Feature]: Reuse existing extractions when the same file is added to another dataset,paid_development,GitHub Paid Issues,https://github.com/topoteretes/cognee/issues/4069,,,,signed in to change notification settings Fork 2,0,baixa,8.0,médio,0.02,0.0,Descartar como conteúdo informativo ou falso positivo.,Não foram encontrados sinais suficientes de uma oportunidade executável.,rejected,0,,0,GitHub Sponsors,1,0,2026-07-18T17:59:31.384009+00:00,github:topoteretes/cognee#4069,topoteretes,cognee,4069,https://github.com/topoteretes/cognee/issues/4069
211,Proposal: GitHub Projects as QuantEcon's PM + reporting layer (central dashboard),ai_integration,MCP Paid Opportunities,https://github.com/QuantEcon/meta/issues/332,,,,broken into sub-issues) | | `Target` | Date | Powers the Roadmap view | | `Quarter` | Iteration (3 mo) | Maps to quarterly reporting / grant periods | ## Division of labour vs QEP-2 | Concern | Mechanism | |---|---| | Kind of work (bug/docs/…) | QEP-2 labels (unchanged) | | Workstream / Phase / Quar,0,média,30.0,médio,0.02,0.0,Descartar como conteúdo informativo ou falso positivo.,Não foram encontrados sinais suficientes de uma oportunidade executável.,rejected,0,,0,GitHub Sponsors,1,0,2026-07-18T17:59:34.384484+00:00,github:quantecon/meta#332,QuantEcon,meta,332,https://github.com/QuantEcon/meta/issues/332
216,Set up GitHub custom connector (official remote MCP) on claude.ai web for issue read/create/close,ai_integration,MCP Paid Opportunities,https://github.com/WebJamApps/web-jam-tools/issues/179,,,,done on claude,0,baixa,8.0,médio,0.02,0.0,Descartar como conteúdo informativo ou falso positivo.,Não foram encontrados sinais suficientes de uma oportunidade executável.,rejected,0,,0,GitHub Sponsors,1,0,2026-07-18T17:59:36.824057+00:00,github:webjamapps/web-jam-tools#179,WebJamApps,web-jam-tools,179,https://github.com/WebJamApps/web-jam-tools/issues/179
219,Close Scheduler Analytics Loop,ai_integration,MCP Paid Opportunities,https://github.com/genfeedai/genfeed.ai/issues/1134,,,,Store analytics linkage for scheduled targets,0,baixa,8.0,médio,0.02,0.0,Descartar como conteúdo informativo ou falso positivo.,Não foram encontrados sinais suficientes de uma oportunidade executável.,rejected,0,,0,GitHub Sponsors,1,0,2026-07-18T17:59:39.345615+00:00,github:genfeedai/genfeed.ai#1134,genfeedai,genfeed.ai,1134,https://github.com/genfeedai/genfeed.ai/issues/1134
225,"Independent Hlido review: nori-ai-cli scored 73/100 — live badge available, no strings",ai_integration,MCP Paid Opportunities,https://github.com/tilework-tech/nori-cli/issues/541,,,,signed in to change notification settings Fork 11 Star 159 Code Issues 3 Pull requests 3 Actions Projects Security and quality 0 Insights Additional navigation options Code Issues Pull requests Actions Projects Security and quality Insights Independent Hlido review: nori-ai-cli scored 73/100 — live,0,baixa,8.0,médio,0.02,0.0,Descartar como conteúdo informativo ou falso positivo.,Não foram encontrados sinais suficientes de uma oportunidade executável.,rejected,0,,0,GitHub Sponsors,1,0,2026-07-18T17:59:41.399261+00:00,github:tilework-tech/nori-cli#541,tilework-tech,nori-cli,541,https://github.com/tilework-tech/nori-cli/issues/541
226,"Independent Hlido review: @frumu/tandem-client scored 90/100 — live badge available, no strings",ai_integration,MCP Paid Opportunities,https://github.com/frumu-ai/tandem/issues/1903,,,,signed in to change notification settings Fork 13 Star 112 Code Issues 0 Pull requests 1 Actions Projects Security and quality 0 Insights Additional navigation options Code Issues Pull requests Actions Projects Security and quality Insights Independent Hlido review: @frumu/tandem-client scored 90/10,0,baixa,8.0,médio,0.02,0.0,Descartar como conteúdo informativo ou falso positivo.,Não foram encontrados sinais suficientes de uma oportunidade executável.,rejected,0,,0,GitHub Sponsors,1,0,2026-07-18T17:59:43.472893+00:00,github:frumu-ai/tandem#1903,frumu-ai,tandem,1903,https://github.com/frumu-ai/tandem/issues/1903
227,"Independent Hlido review: pocketflow scored 90/100 — live badge available, no strings",ai_integration,MCP Paid Opportunities,https://github.com/The-Pocket/PocketFlow-Typescript/issues/29,,,,signed in to change notification settings Fork 36 Star 240 Code Issues 5 Pull requests 0 Discussions Actions Projects Security and quality 0 Insights Additional navigation options Code Issues Pull requests Discussions Actions Projects Security and quality Insights Independent Hlido review: pocketflo,0,baixa,8.0,médio,0.02,0.0,Descartar como conteúdo informativo ou falso positivo.,Não foram encontrados sinais suficientes de uma oportunidade executável.,rejected,0,,0,GitHub Sponsors,1,0,2026-07-18T17:59:45.461547+00:00,github:the-pocket/pocketflow-typescript#29,The-Pocket,PocketFlow-Typescript,29,https://github.com/The-Pocket/PocketFlow-Typescript/issues/29
228,"Independent Hlido review: @livekit/agents-plugin-openai scored 73/100 — live badge available, no strings",ai_integration,MCP Paid Opportunities,https://github.com/livekit/agents-js/issues/2038,,,,signed in to change notification settings Fork 324 Star 887 Code Issues 62 Pull requests 199 Actions Security and quality 0 Insights Additional navigation options Code Issues Pull requests Actions Security and quality Insights Independent Hlido review: @livekit/agents-plugin-openai scored 73/100 — l,0,baixa,8.0,médio,0.02,0.0,Descartar como conteúdo informativo ou falso positivo.,Não foram encontrados sinais suficientes de uma oportunidade executável.,rejected,0,,0,GitHub Sponsors,1,0,2026-07-18T17:59:47.314220+00:00,github:livekit/agents-js#2038,livekit,agents-js,2038,https://github.com/livekit/agents-js/issues/2038
230,Sith implementation roadmap,ai_integration,MCP Paid Opportunities,https://github.com/ArdurAI/sith/issues/39,,,,signed in to change notification settings Fork 0 Star 0 Code Issues 16 Pull requests 0 Actions Projects Security and quality 0 Insights Additional navigation options Code Issues Pull requests Actions Projects Security and quality Insights Sith implementation roadmap #39 New issue Copy link New issue,0,baixa,8.0,médio,0.02,0.0,Descartar como conteúdo informativo ou falso positivo.,Não foram encontrados sinais suficientes de uma oportunidade executável.,rejected,1,,0,GitHub Sponsors,1,0,2026-07-18T17:59:49.975753+00:00,github:ardurai/sith#39,ArdurAI,sith,39,https://github.com/ArdurAI/sith/issues/39
119,Design: self-serve 'Harness' identity composer (bundle grants + token + install prompt + usage),grant,GitHub Grant Issues,https://github.com/keboola/agnes-the-ai-analyst/issues/866,,,,signed in to change notification settings Fork 4 Star 6 Code Issues 41 Pull requests 3 Actions Projects Security and quality 0 Insights Additional navigation options Code Issues Pull requests Actions Projects Security and quality Insights Design: self-serve 'Harness' identity composer (bundle grants,0,baixa,8.0,médio,0.02,0.0,Descartar como conteúdo informativo ou falso positivo.,Não foram encontrados sinais suficientes de uma oportunidade executável.,rejected,0,,0,GitHub Sponsors,1,0,2026-07-18T18:07:32.323303+00:00,github:keboola/agnes-the-ai-analyst#866,keboola,agnes-the-ai-analyst,866,https://github.com/keboola/agnes-the-ai-analyst/issues/866
120,"grappa: vhost self-service V1 (server) — in_pool selectable, drop admin hard-pin, expose granted marker",grant,GitHub Grant Issues,https://github.com/vjt/grappa-irc/issues/251,,,,"signed in to change notification settings Fork 1 Star 1 Code Issues 71 Pull requests 1 Actions Projects Security and quality 0 Insights Additional navigation options Code Issues Pull requests Actions Projects Security and quality Insights grappa: vhost self-service V1 (server) — in_pool selectable,",0,baixa,8.0,médio,0.02,0.0,Descartar como conteúdo informativo ou falso positivo.,Não foram encontrados sinais suficientes de uma oportunidade executável.,rejected,0,,0,GitHub Sponsors,1,0,2026-07-18T18:07:34.090993+00:00,github:vjt/grappa-irc#251,vjt,grappa-irc,251,https://github.com/vjt/grappa-irc/issues/251
122,Entra consent surface: oauth2 grants + app-role assignments,grant,GitHub Grant Issues,https://github.com/rknightion/graph2otel/issues/70,,,,signed in to change notification settings Fork 0 Star 0 Code Issues 22 Pull requests 1 Actions Projects Security and quality 0 Insights Additional navigation options Code Issues Pull requests Actions Projects Security and quality Insights Entra consent surface: oauth2 grants + app-role assignments #,0,baixa,8.0,médio,0.02,0.0,Descartar como conteúdo informativo ou falso positivo.,Não foram encontrados sinais suficientes de uma oportunidade executável.,rejected,0,,0,GitHub Sponsors,1,0,2026-07-18T18:07:36.009658+00:00,github:rknightion/graph2otel#70,rknightion,graph2otel,70,https://github.com/rknightion/graph2otel/issues/70
124,Wumpa Fruit filler items should grant fruit in-race,grant,GitHub Grant Issues,https://github.com/dowlle/ctr-native-ap/issues/11,,,,signed in to change notification settings Fork 0 Star 0 Code Issues 11 Pull requests 3 Actions Projects Security and quality 0 Insights Additional navigation options Code Issues Pull requests Actions Projects Security and quality Insights Wumpa Fruit filler items should grant fruit in-race #11 New i,0,baixa,8.0,médio,0.02,0.0,Descartar como conteúdo informativo ou falso positivo.,Não foram encontrados sinais suficientes de uma oportunidade executável.,rejected,0,,0,GitHub Sponsors,1,0,2026-07-18T18:07:37.679365+00:00,github:dowlle/ctr-native-ap#11,dowlle,ctr-native-ap,11,https://github.com/dowlle/ctr-native-ap/issues/11
125,LLM Gateway: Flyway migrations GRANT to a hardcoded 'tatrman' role (not portable),grant,GitHub Grant Issues,https://github.com/Collite/tatrman-server/issues/11,,,,signed in to change notification settings Fork 0 Star 0 Code Issues 7 Pull requests 0 Actions Projects Security and quality 0 Insights Additional navigation options Code Issues Pull requests Actions Projects Security and quality Insights LLM Gateway: Flyway migrations GRANT to a hardcoded 'tatrman',0,baixa,8.0,médio,0.02,0.0,Descartar como conteúdo informativo ou falso positivo.,Não foram encontrados sinais suficientes de uma oportunidade executável.,rejected,0,,0,GitHub Sponsors,1,0,2026-07-18T18:07:39.444056+00:00,github:collite/tatrman-server#11,Collite,tatrman-server,11,https://github.com/Collite/tatrman-server/issues/11
126,Sync email grants into the pagevault-viewers Access group (implement ADR-002 hot path),grant,GitHub Grant Issues,https://github.com/danjamk/pagevault/issues/20,,,,signed in to change notification settings Fork 0 Star 0 Code Issues 20 Pull requests 0 Actions Projects Security and quality 0 Insights Additional navigation options Code Issues Pull requests Actions Projects Security and quality Insights Sync email grants into the pagevault-viewers Access group (im,0,baixa,8.0,médio,0.02,0.0,Descartar como conteúdo informativo ou falso positivo.,Não foram encontrados sinais suficientes de uma oportunidade executável.,rejected,0,,0,GitHub Sponsors,1,0,2026-07-18T18:07:41.436707+00:00,github:danjamk/pagevault#20,danjamk,pagevault,20,https://github.com/danjamk/pagevault/issues/20
128,"Modelling adjacent data: funding opportunities, grant programme modelling",grant,GitHub Grant Issues,https://github.com/ThreeSixtyGiving/standard/issues/448,,,,"signed in to change notification settings Fork 15 Star 11 Code Issues 32 Pull requests 4 Actions Projects Wiki Security and quality 0 Insights Additional navigation options Code Issues Pull requests Actions Projects Wiki Security and quality Insights Modelling adjacent data: funding opportunities, g",0,baixa,8.0,médio,0.02,0.0,Descartar como conteúdo informativo ou falso positivo.,Não foram encontrados sinais suficientes de uma oportunidade executável.,rejected,0,,0,GitHub Sponsors,1,0,2026-07-18T18:07:43.249390+00:00,github:threesixtygiving/standard#448,ThreeSixtyGiving,standard,448,https://github.com/ThreeSixtyGiving/standard/issues/448
131,Implementar grants contratuais por aplicação/contexto,grant,GitHub Grant Issues,https://github.com/BiGSerial/sicode-ecosystem/issues/183,,,,signed in to change notification settings Fork 0 Star 0 Code Issues 145 Pull requests 0 Actions Projects Security and quality 0 Insights Additional navigation options Code Issues Pull requests Actions Projects Security and quality Insights Implementar grants contratuais por aplicação/contexto #183 N,0,baixa,8.0,médio,0.02,0.0,Descartar como conteúdo informativo ou falso positivo.,Não foram encontrados sinais suficientes de uma oportunidade executável.,rejected,0,,0,GitHub Sponsors,1,0,2026-07-18T18:07:45.024079+00:00,github:bigserial/sicode-ecosystem#183,BiGSerial,sicode-ecosystem,183,https://github.com/BiGSerial/sicode-ecosystem/issues/183
133,"Agent memory is gated on the pinchy_write grant, so most agents have no memory — but memory_search is offered to them anyway",grant,GitHub Grant Issues,https://github.com/heypinchy/pinchy/issues/755,,,,"EU AI Act compliance requirements priority:P1 Important, but not a blocker for current release Important, but not a blocker for current release Description clemenshelm opened on Jul 15, 2026 Issue body actions Summary Agent memory ( MEMORY",0,baixa,8.0,médio,0.02,0.0,Descartar como conteúdo informativo ou falso positivo.,Não foram encontrados sinais suficientes de uma oportunidade executável.,rejected,0,,0,GitHub Sponsors,1,0,2026-07-18T18:07:47.485648+00:00,github:heypinchy/pinchy#755,heypinchy,pinchy,755,https://github.com/heypinchy/pinchy/issues/755
135,[Task]: WeCom Channel S6 — in-channel approvals: confirmation flow + single-use grants,grant,GitHub Grant Issues,https://github.com/perly6185-lab/myagenttool/issues/1098,,,,signed in to change notification settings Fork 0 Star 0 Code Issues 13 Pull requests 0 Actions Projects Security and quality 0 Insights Additional navigation options Code Issues Pull requests Actions Projects Security and quality Insights [Task]: WeCom Channel S6 — in-channel approvals: confirmation,0,baixa,8.0,médio,0.02,0.0,Descartar como conteúdo informativo ou falso positivo.,Não foram encontrados sinais suficientes de uma oportunidade executável.,rejected,0,,0,GitHub Sponsors,1,0,2026-07-18T18:07:49.170354+00:00,github:perly6185-lab/myagenttool#1098,perly6185-lab,myagenttool,1098,https://github.com/perly6185-lab/myagenttool/issues/1098
136,Principal-scoped API keys: vault-pattern grants + MCP vault argument within key scope,grant,GitHub Grant Issues,https://github.com/scrypster/muninndb/issues/608,,,,signed in to change notification settings Fork 72 Star 308 Code Issues 37 Pull requests 10 Actions Projects Security and quality 0 Insights Additional navigation options Code Issues Pull requests Actions Projects Security and quality Insights Principal-scoped API keys: vault-pattern grants + MCP vau,0,baixa,8.0,médio,0.02,0.0,Descartar como conteúdo informativo ou falso positivo.,Não foram encontrados sinais suficientes de uma oportunidade executável.,rejected,0,open to either),0,GitHub Sponsors,1,0,2026-07-18T18:07:50.899050+00:00,github:scrypster/muninndb#608,scrypster,muninndb,608,https://github.com/scrypster/muninndb/issues/608
137,Feats granted by starting perks are not given to character.,grant,GitHub Grant Issues,https://github.com/joaosausen/svartwarren-public/issues/32,,,,signed in to change notification settings Fork 0 Star 3 Code Issues 14 Pull requests 0 Actions Projects Security and quality 0 Insights Additional navigation options Code Issues Pull requests Actions Projects Security and quality Insights Feats granted by starting perks are not given to character,0,baixa,8.0,médio,0.02,0.0,Descartar como conteúdo informativo ou falso positivo.,Não foram encontrados sinais suficientes de uma oportunidade executável.,rejected,0,,0,GitHub Sponsors,1,0,2026-07-18T18:07:52.594754+00:00,github:joaosausen/svartwarren-public#32,joaosausen,svartwarren-public,32,https://github.com/joaosausen/svartwarren-public/issues/32
141,File: documentation/requirements/caspian/filesystem/dirs/grants.md § Not the same as role-level grants (#not-the-same-as-role-level-grants),grant,GitHub Grant Issues,https://github.com/mikosullivan/puck/issues/1172,,,,signed in to change notification settings Fork 0 Star 2 Code Issues 184 Pull requests 0 Actions Projects Security and quality 0 Insights Additional navigation options Code Issues Pull requests Actions Projects Security and quality Insights File: documentation/requirements/caspian/filesystem/dirs/gra,0,baixa,8.0,médio,0.02,0.0,Descartar como conteúdo informativo ou falso positivo.,Não foram encontrados sinais suficientes de uma oportunidade executável.,rejected,0,,0,GitHub Sponsors,1,0,2026-07-18T18:07:54.067496+00:00,github:mikosullivan/puck#1172,mikosullivan,puck,1172,https://github.com/mikosullivan/puck/issues/1172
142,"Plugin-injected lists should default closed, with an app-side seam to grant them access",grant,GitHub Grant Issues,https://github.com/OpenSaasAU/stack/issues/686,,,,signed in to change notification settings Fork 0 Star 2 Code Issues 0 Pull requests 3 Discussions Actions Projects Security and quality 0 Insights Additional navigation options Code Issues Pull requests Discussions Actions Projects Security and quality Insights Plugin-injected lists should default c,0,baixa,8.0,médio,0.02,0.0,Descartar como conteúdo informativo ou falso positivo.,Não foram encontrados sinais suficientes de uma oportunidade executável.,rejected,0,,0,GitHub Sponsors,1,0,2026-07-18T18:13:16.266080+00:00,github:opensaasau/stack#686,OpenSaasAU,stack,686,https://github.com/OpenSaasAU/stack/issues/686
144,"Onboarding: keys + grants for mvox, screenwerk, po-team",grant,GitHub Grant Issues,https://github.com/mitselek/ai-teams/issues/96,,,,"signed in to change notification settings Fork 1 Star 1 Code Issues 43 Pull requests 0 Discussions Actions Projects Security and quality 0 Insights Additional navigation options Code Issues Pull requests Discussions Actions Projects Security and quality Insights Onboarding: keys + grants for mvox, s",0,baixa,8.0,médio,0.02,0.0,Descartar como conteúdo informativo ou falso positivo.,Não foram encontrados sinais suficientes de uma oportunidade executável.,rejected,0,,0,GitHub Sponsors,1,0,2026-07-18T18:13:17.945786+00:00,github:mitselek/ai-teams#96,mitselek,ai-teams,96,https://github.com/mitselek/ai-teams/issues/96
145,Can't grant course creator when flag is enabled,grant,GitHub Grant Issues,https://github.com/openedx/openedx-authz/issues/353,,,,signed in to change notification settings Fork 9 Star 0 Code Issues 63 Pull requests 4 Actions Projects Security and quality 0 Insights Additional navigation options Code Issues Pull requests Actions Projects Security and quality Insights Can't grant course creator when flag is enabled #353 New issu,0,baixa,8.0,médio,0.02,0.0,Descartar como conteúdo informativo ou falso positivo.,Não foram encontrados sinais suficientes de uma oportunidade executável.,rejected,0,,0,GitHub Sponsors,1,0,2026-07-18T18:13:20.101409+00:00,github:openedx/openedx-authz#353,openedx,openedx-authz,353,https://github.com/openedx/openedx-authz/issues/353
146,Prevent granting permissions above own level,grant,GitHub Grant Issues,https://github.com/mahmoudazaid/business-platform/issues/47,,,,,0,baixa,8.0,alto,0.02,0.0,Rejeitar ou revisar manualmente o endereço.,O link não respondeu como uma oportunidade ativa.,rejected,0,,0,GitHub Sponsors,0,0,2026-07-18T18:13:21.466169+00:00,github:mahmoudazaid/business-platform#47,mahmoudazaid,business-platform,47,https://github.com/mahmoudazaid/business-platform/issues/47
147,Auto-mode classifier: denied self-bypass poisons unrelated commands; no session-scoped false-positive grant,grant,GitHub Grant Issues,https://github.com/souliane/teatree/issues/3252,,,,signed in to change notification settings Fork 0 Star 1 Code Issues 3 Pull requests 0 Actions Projects Security and quality 0 Insights Additional navigation options Code Issues Pull requests Actions Projects Security and quality Insights Auto-mode classifier: denied self-bypass poisons unrelated com,0,baixa,8.0,médio,0.02,0.0,Descartar como conteúdo informativo ou falso positivo.,Não foram encontrados sinais suficientes de uma oportunidade executável.,rejected,0,,0,GitHub Sponsors,1,0,2026-07-18T18:13:23.334842+00:00,github:souliane/teatree#3252,souliane,teatree,3252,https://github.com/souliane/teatree/issues/3252
148,Disable (or confirm) the urn:otp:sms direct grant on the aggregator realm token endpoint — OTP-SMS abuse vector not covered by Kong RL,grant,GitHub Grant Issues,https://github.com/Blue-Dots-Economy/aggregator-dpg/issues/493,,,,signed in to change notification settings Fork 1 Star 0 Code Issues 63 Pull requests 3 Actions Projects Security and quality 0 Insights Additional navigation options Code Issues Pull requests Actions Projects Security and quality Insights Disable (or confirm) the urn:otp:sms direct grant on the aggr,0,baixa,8.0,médio,0.02,0.0,Descartar como conteúdo informativo ou falso positivo.,Não foram encontrados sinais suficientes de uma oportunidade executável.,rejected,0,,0,GitHub Sponsors,1,0,2026-07-18T18:13:24.901567+00:00,github:blue-dots-economy/aggregator-dpg#493,Blue-Dots-Economy,aggregator-dpg,493,https://github.com/Blue-Dots-Economy/aggregator-dpg/issues/493
221,"2Brain Cloud pilot: self-serve hosted workspaces (VM-per-workspace, control plane, GitHub App sync, OpenRouter embeddings)",ai_integration,MCP Paid Opportunities,https://github.com/azxav/gbrain/issues/35,,,,,0,baixa,8.0,alto,0.02,0.0,Rejeitar ou revisar manualmente o endereço.,O link não respondeu como uma oportunidade ativa.,rejected,0,,0,"Stripe, GitHub Sponsors",0,0,2026-07-18T18:13:26.286326+00:00,github:azxav/gbrain#35,azxav,gbrain,35,https://github.com/azxav/gbrain/issues/35
89,[Backlog] Game: Let It Ride,competition,GitHub Prize Issues,https://github.com/andreivorobiev/virtual-casino-simulator/issues/134,,,,"IDs, or edits to shared catalog/router/shell/manifest/test-discovery files",0,baixa,8.0,médio,0.02,0.0,Descartar como conteúdo informativo ou falso positivo.,Não foram encontrados sinais suficientes de uma oportunidade executável.,rejected,1,,0,GitHub Sponsors,1,0,2026-07-18T18:13:28.238984+00:00,github:andreivorobiev/virtual-casino-simulator#134,andreivorobiev,virtual-casino-simulator,134,https://github.com/andreivorobiev/virtual-casino-simulator/issues/134
109,[Backlog] Game: Coin Pusher Simulator,competition,GitHub Prize Issues,https://github.com/andreivorobiev/virtual-casino-simulator/issues/156,,,,"IDs, or edits to shared catalog/router/shell/manifest/test-discovery files",0,baixa,8.0,médio,0.02,0.0,Descartar como conteúdo informativo ou falso positivo.,Não foram encontrados sinais suficientes de uma oportunidade executável.,rejected,1,,0,GitHub Sponsors,1,0,2026-07-18T18:13:29.871697+00:00,github:andreivorobiev/virtual-casino-simulator#156,andreivorobiev,virtual-casino-simulator,156,https://github.com/andreivorobiev/virtual-casino-simulator/issues/156
110,[Backlog] Game: Pattern Draw,competition,GitHub Prize Issues,https://github.com/andreivorobiev/virtual-casino-simulator/issues/155,,,,"IDs, or edits to shared catalog/router/shell/manifest/test-discovery files",0,baixa,8.0,médio,0.02,0.0,Descartar como conteúdo informativo ou falso positivo.,Não foram encontrados sinais suficientes de uma oportunidade executável.,rejected,1,,0,GitHub Sponsors,1,0,2026-07-18T18:13:31.524408+00:00,github:andreivorobiev/virtual-casino-simulator#155,andreivorobiev,virtual-casino-simulator,155,https://github.com/andreivorobiev/virtual-casino-simulator/issues/155
111,[Backlog] Game: Community Bingo Mode,competition,GitHub Prize Issues,https://github.com/andreivorobiev/virtual-casino-simulator/issues/154,,,,"IDs, or edits to shared catalog/router/shell/manifest/test-discovery files",0,baixa,8.0,médio,0.02,0.0,Descartar como conteúdo informativo ou falso positivo.,Não foram encontrados sinais suficientes de uma oportunidade executável.,rejected,1,,0,GitHub Sponsors,1,0,2026-07-18T18:13:33.173120+00:00,github:andreivorobiev/virtual-casino-simulator#154,andreivorobiev,virtual-casino-simulator,154,https://github.com/andreivorobiev/virtual-casino-simulator/issues/154
112,[Backlog] Game: Lucky Grid,competition,GitHub Prize Issues,https://github.com/andreivorobiev/virtual-casino-simulator/issues/153,,,,"IDs, or edits to shared catalog/router/shell/manifest/test-discovery files",0,baixa,8.0,médio,0.02,0.0,Descartar como conteúdo informativo ou falso positivo.,Não foram encontrados sinais suficientes de uma oportunidade executável.,rejected,1,,0,GitHub Sponsors,1,0,2026-07-18T18:13:34.717849+00:00,github:andreivorobiev/virtual-casino-simulator#153,andreivorobiev,virtual-casino-simulator,153,https://github.com/andreivorobiev/virtual-casino-simulator/issues/153
113,[Backlog] Game: Color Wheel,competition,GitHub Prize Issues,https://github.com/andreivorobiev/virtual-casino-simulator/issues/152,,,,"IDs, or edits to shared catalog/router/shell/manifest/test-discovery files",0,baixa,8.0,médio,0.02,0.0,Descartar como conteúdo informativo ou falso positivo.,Não foram encontrados sinais suficientes de uma oportunidade executável.,rejected,1,,0,GitHub Sponsors,1,0,2026-07-18T18:13:36.341565+00:00,github:andreivorobiev/virtual-casino-simulator#152,andreivorobiev,virtual-casino-simulator,152,https://github.com/andreivorobiev/virtual-casino-simulator/issues/152
114,[Backlog] Game: Teen Patti Practice,competition,GitHub Prize Issues,https://github.com/andreivorobiev/virtual-casino-simulator/issues/150,,,,"IDs, or edits to shared catalog/router/shell/manifest/test-discovery files",0,baixa,8.0,médio,0.02,0.0,Descartar como conteúdo informativo ou falso positivo.,Não foram encontrados sinais suficientes de uma oportunidade executável.,rejected,1,,0,GitHub Sponsors,1,0,2026-07-18T18:25:54.339853+00:00,github:andreivorobiev/virtual-casino-simulator#150,andreivorobiev,virtual-casino-simulator,150,https://github.com/andreivorobiev/virtual-casino-simulator/issues/150
115,[Backlog] Game: Boule,competition,GitHub Prize Issues,https://github.com/andreivorobiev/virtual-casino-simulator/issues/148,,,,"IDs, or edits to shared catalog/router/shell/manifest/test-discovery files",0,baixa,8.0,médio,0.02,0.0,Descartar como conteúdo informativo ou falso positivo.,Não foram encontrados sinais suficientes de uma oportunidade executável.,rejected,1,,0,GitHub Sponsors,1,0,2026-07-18T18:25:55.903579+00:00,github:andreivorobiev/virtual-casino-simulator#148,andreivorobiev,virtual-casino-simulator,148,https://github.com/andreivorobiev/virtual-casino-simulator/issues/148
116,[Backlog] Game: Trente et Quarante,competition,GitHub Prize Issues,https://github.com/andreivorobiev/virtual-casino-simulator/issues/147,,,,"IDs, or edits to shared catalog/router/shell/manifest/test-discovery files",0,baixa,8.0,médio,0.02,0.0,Descartar como conteúdo informativo ou falso positivo.,Não foram encontrados sinais suficientes de uma oportunidade executável.,rejected,1,,0,GitHub Sponsors,1,0,2026-07-18T18:25:57.500300+00:00,github:andreivorobiev/virtual-casino-simulator#147,andreivorobiev,virtual-casino-simulator,147,https://github.com/andreivorobiev/virtual-casino-simulator/issues/147
117,[Backlog] Game: Faro,competition,GitHub Prize Issues,https://github.com/andreivorobiev/virtual-casino-simulator/issues/146,,,,"IDs, or edits to shared catalog/router/shell/manifest/test-discovery files",0,baixa,8.0,médio,0.02,0.0,Descartar como conteúdo informativo ou falso positivo.,Não foram encontrados sinais suficientes de uma oportunidade executável.,rejected,1,,0,GitHub Sponsors,1,0,2026-07-18T18:25:59.162009+00:00,github:andreivorobiev/virtual-casino-simulator#146,andreivorobiev,virtual-casino-simulator,146,https://github.com/andreivorobiev/virtual-casino-simulator/issues/146
118,[Backlog] Game: Pai Gow Tiles,competition,GitHub Prize Issues,https://github.com/andreivorobiev/virtual-casino-simulator/issues/145,,,,"IDs, or edits to shared catalog/router/shell/manifest/test-discovery files",0,baixa,8.0,médio,0.02,0.0,Descartar como conteúdo informativo ou falso positivo.,Não foram encontrados sinais suficientes de uma oportunidade executável.,rejected,1,,0,GitHub Sponsors,1,0,2026-07-18T18:26:00.722735+00:00,github:andreivorobiev/virtual-casino-simulator#145,andreivorobiev,virtual-casino-simulator,145,https://github.com/andreivorobiev/virtual-casino-simulator/issues/145
73,Avatar judge — 2026-07-15,paid_development,GitHub Paid Issues,https://github.com/wattgod/athlete-custom-training-plan-pipeline/issues/54,,,,confirmed before send,0,baixa,8.0,médio,0.02,0.0,Descartar como conteúdo informativo ou falso positivo.,Não foram encontrados sinais suficientes de uma oportunidade executável.,rejected,1,,0,GitHub Sponsors,1,0,2026-07-18T18:26:02.312457+00:00,github:wattgod/athlete-custom-training-plan-pipeline#54,wattgod,athlete-custom-training-plan-pipeline,54,https://github.com/wattgod/athlete-custom-training-plan-pipeline/issues/54
94,Gain 5000 Free Instagram Followers: 10 Best Boost Tools & Sites 2026,competition,GitHub Prize Issues,https://github.com/BVLC/caffe/issues/7291,,,,can read as spammy to both users and Instagram's own systems,0,baixa,8.0,médio,0.02,0.0,Descartar como conteúdo informativo ou falso positivo.,Não foram encontrados sinais suficientes de uma oportunidade executável.,rejected,0,,0,"GitHub Sponsors, Cartão-presente",1,0,2026-07-18T18:26:03.917176+00:00,github:bvlc/caffe#7291,BVLC,caffe,7291,https://github.com/BVLC/caffe/issues/7291
90,Workspace-level cross-series sailor ranking (season ladder; IODAI national ranking),competition,GitHub Prize Issues,https://github.com/sailscoring/sailscoring/issues/209,,,,signed in to change notification settings Fork 0 Star 0 Code Issues 5 Pull requests 0 Discussions Actions Projects Security and quality 0 Insights Additional navigation options Code Issues Pull requests Discussions Actions Projects Security and quality Insights Workspace-level cross-series sailor ra,0,baixa,8.0,médio,0.02,0.0,Descartar como conteúdo informativo ou falso positivo.,Não foram encontrados sinais suficientes de uma oportunidade executável.,rejected,0,Eligibility,0,GitHub Sponsors,1,0,2026-07-18T18:26:05.724859+00:00,github:sailscoring/sailscoring#209,sailscoring,sailscoring,209,https://github.com/sailscoring/sailscoring/issues/209
95,Dependency Dashboard,competition,GitHub Prize Issues,https://github.com/Jadeiin/infra/issues/5,,,,signed in to change notification settings Fork 0 Star 0 Code Issues 1 Pull requests 2 Actions Projects Security and quality 0 Insights Additional navigation options Code Issues Pull requests Actions Projects Security and quality Insights Dependency Dashboard #5 New issue Copy link New issue Copy lin,0,baixa,8.0,médio,0.02,0.0,Descartar como conteúdo informativo ou falso positivo.,Não foram encontrados sinais suficientes de uma oportunidade executável.,rejected,0,,0,GitHub Sponsors,1,0,2026-07-18T18:26:07.245593+00:00,github:jadeiin/infra#5,Jadeiin,infra,5,https://github.com/Jadeiin/infra/issues/5
97,Detect Malicious URL using Machine Learning,competition,GitHub Prize Issues,https://github.com/Niketkumardheeryan/ML-CaPsule/issues/496,,,,signed in to change notification settings Fork 729 Star 676 Code Issues 587 Pull requests 39 Discussions Actions Projects Wiki Security and quality 0 Insights Additional navigation options Code Issues Pull requests Discussions Actions Projects Wiki Security and quality Insights Detect Malicious URL,0,média,30.0,médio,0.02,0.0,Descartar como conteúdo informativo ou falso positivo.,Não foram encontrados sinais suficientes de uma oportunidade executável.,rejected,0,,0,GitHub Sponsors,1,0,2026-07-18T18:26:09.205250+00:00,github:niketkumardheeryan/ml-capsule#496,Niketkumardheeryan,ML-CaPsule,496,https://github.com/Niketkumardheeryan/ML-CaPsule/issues/496
98,Battle-mechanics expansion index: logic fixes + 8 design packages,competition,GitHub Prize Issues,https://github.com/a1flecke/conquestoria/issues/546,,,,signed in to change notification settings Fork 0 Star 0 Code Issues 35 Pull requests 1 Actions Projects Security and quality 0 Insights Additional navigation options Code Issues Pull requests Actions Projects Security and quality Insights Battle-mechanics expansion index: logic fixes + 8 design pack,0,baixa,8.0,médio,0.02,0.0,Descartar como conteúdo informativo ou falso positivo.,Não foram encontrados sinais suficientes de uma oportunidade executável.,rejected,0,,0,GitHub Sponsors,1,0,2026-07-18T18:26:11.185903+00:00,github:a1flecke/conquestoria#546,a1flecke,conquestoria,546,https://github.com/a1flecke/conquestoria/issues/546
99,Corpus: first labelled batch of Nigerian scam messages,competition,GitHub Prize Issues,https://github.com/Ipramking/sentinel/issues/4,,,,signed in to change notification settings Fork 0 Star 0 Code Issues 1 Pull requests 0 Actions Projects Security and quality 0 Insights Additional navigation options Code Issues Pull requests Actions Projects Security and quality Insights Corpus: first labelled batch of Nigerian scam messages #4 New,0,baixa,8.0,médio,0.02,0.0,Descartar como conteúdo informativo ou falso positivo.,Não foram encontrados sinais suficientes de uma oportunidade executável.,rejected,0,,0,GitHub Sponsors,1,0,2026-07-18T18:26:12.847612+00:00,github:ipramking/sentinel#4,Ipramking,sentinel,4,https://github.com/Ipramking/sentinel/issues/4
100,M4 — Strategic prizes (cascade / memory / state-handle) [de-accretion #2551],competition,GitHub Prize Issues,https://github.com/NorthlandPositronics/Cogtrix/issues/2556,,,,,0,baixa,8.0,alto,0.02,0.0,Rejeitar ou revisar manualmente o endereço.,O link não respondeu como uma oportunidade ativa.,rejected,0,,0,GitHub Sponsors,0,0,2026-07-18T18:26:14.226371+00:00,github:northlandpositronics/cogtrix#2556,NorthlandPositronics,Cogtrix,2556,https://github.com/NorthlandPositronics/Cogtrix/issues/2556
102,"Deploy DB build: measured profile + ranked, layered speedup trial plan",competition,GitHub Prize Issues,https://github.com/MysterAitch/amateur-callsigns-file-watch/issues/533,,,,"byte-identical to a cold emit; every cache key must cover the artefact's raw bytes **plus** the shared emitter/builder code (a false hit is worse than a false miss) ## Interplay - #445 (retire the legacy build) eventually removes some of this cost wholesale — but the ledger-side wins (emit, chunking",0,baixa,8.0,médio,0.02,0.0,Descartar como conteúdo informativo ou falso positivo.,Não foram encontrados sinais suficientes de uma oportunidade executável.,rejected,0,,0,GitHub Sponsors,1,0,2026-07-18T18:45:50.065486+00:00,github:mysteraitch/amateur-callsigns-file-watch#533,MysterAitch,amateur-callsigns-file-watch,533,https://github.com/MysterAitch/amateur-callsigns-file-watch/issues/533
103,feat(admin): upload SVG or PNG badge art in the custom-badge form,competition,GitHub Prize Issues,https://github.com/TrevorHumble/TaskMasterWedding/issues/410,,,,signed in to change notification settings Fork 2 Star 0 Code Issues 43 Pull requests 1 Actions Projects Security and quality 0 Insights Additional navigation options Code Issues Pull requests Actions Projects Security and quality Insights feat(admin): upload SVG or PNG badge art in the custom-badge,0,baixa,8.0,médio,0.02,0.0,Descartar como conteúdo informativo ou falso positivo.,Não foram encontrados sinais suficientes de uma oportunidade executável.,rejected,1,,0,GitHub Sponsors,1,0,2026-07-18T18:45:52.056137+00:00,github:trevorhumble/taskmasterwedding#410,TrevorHumble,TaskMasterWedding,410,https://github.com/TrevorHumble/TaskMasterWedding/issues/410
104,Idea: auto-lint/document item drops,competition,GitHub Prize Issues,https://github.com/Xeeynamo/sotn-decomp/issues/3347,,,,signed in to change notification settings Fork 86 Star 996 Code Issues 17 Pull requests 12 Actions Wiki Security and quality 0 Insights Additional navigation options Code Issues Pull requests Actions Wiki Security and quality Insights Idea: auto-lint/document item drops #3347 New issue Copy link New,0,baixa,8.0,médio,0.02,0.0,Descartar como conteúdo informativo ou falso positivo.,Não foram encontrados sinais suficientes de uma oportunidade executável.,rejected,0,,0,GitHub Sponsors,1,0,2026-07-18T18:45:53.648858+00:00,github:xeeynamo/sotn-decomp#3347,Xeeynamo,sotn-decomp,3347,https://github.com/Xeeynamo/sotn-decomp/issues/3347
105,feat(leaderboard): hosts' prizes on display (Goal B — untracked north-star outcome),competition,GitHub Prize Issues,https://github.com/TrevorHumble/TaskMasterWedding/issues/469,,,,signed in to change notification settings Fork 2 Star 0 Code Issues 43 Pull requests 1 Actions Projects Security and quality 0 Insights Additional navigation options Code Issues Pull requests Actions Projects Security and quality Insights feat(leaderboard): hosts' prizes on display (Goal B — untrack,0,baixa,8.0,médio,0.02,0.0,Descartar como conteúdo informativo ou falso positivo.,Não foram encontrados sinais suficientes de uma oportunidade executável.,rejected,0,,0,GitHub Sponsors,1,0,2026-07-18T18:45:55.304569+00:00,github:trevorhumble/taskmasterwedding#469,TrevorHumble,TaskMasterWedding,469,https://github.com/TrevorHumble/TaskMasterWedding/issues/469
106,Celestial Roar skips payload banking when Active already has GGF,competition,GitHub Prize Issues,https://github.com/FlareZ123/pokemon-sims/issues/608,,,,signed in to change notification settings Fork 0 Star 1 Code Issues 0 Pull requests 1 Actions Projects Security and quality 0 Insights Additional navigation options Code Issues Pull requests Actions Projects Security and quality Insights Celestial Roar skips payload banking when Active already has G,0,baixa,8.0,médio,0.02,0.0,Descartar como conteúdo informativo ou falso positivo.,Não foram encontrados sinais suficientes de uma oportunidade executável.,rejected,0,,0,GitHub Sponsors,1,0,2026-07-18T18:45:57.003272+00:00,github:flarez123/pokemon-sims#608,FlareZ123,pokemon-sims,608,https://github.com/FlareZ123/pokemon-sims/issues/608
107,"META-EPIC: subsume Scryer/Nemo into the native physical engine (oracle-gated, fragment-by-fragment)",competition,GitHub Prize Issues,https://github.com/Blackcat-Informatics/gmeow-ontology/issues/1295,,,,signed in to change notification settings Fork 0 Star 4 Code Issues 45 Pull requests 6 Discussions Actions Security and quality 0 Insights Additional navigation options Code Issues Pull requests Discussions Actions Security and quality Insights META-EPIC: subsume Scryer/Nemo into the native physical,0,baixa,8.0,médio,0.02,0.0,Descartar como conteúdo informativo ou falso positivo.,Não foram encontrados sinais suficientes de uma oportunidade executável.,rejected,0,,0,GitHub Sponsors,1,0,2026-07-18T18:45:58.972927+00:00,github:blackcat-informatics/gmeow-ontology#1295,Blackcat-Informatics,gmeow-ontology,1295,https://github.com/Blackcat-Informatics/gmeow-ontology/issues/1295
91,enforce the container law: mode partitions every economic container,competition,GitHub Prize Issues,https://github.com/zgeoff/vers/issues/472,,,,signed in to change notification settings Fork 1 Star 3 Code Issues 84 Pull requests 2 Actions Projects Security and quality 0 Insights Additional navigation options Code Issues Pull requests Actions Projects Security and quality Insights enforce the container law: mode partitions every economic con,0,baixa,8.0,médio,0.02,0.0,Descartar como conteúdo informativo ou falso positivo.,Não foram encontrados sinais suficientes de uma oportunidade executável.,rejected,1,,0,GitHub Sponsors,1,0,2026-07-18T18:46:00.788608+00:00,github:zgeoff/vers#472,zgeoff,vers,472,https://github.com/zgeoff/vers/issues/472
183,Agent Registry — Check in here before opening a PR,ai_bounty,AI Agent Bounties,https://github.com/xevrion-v2/agent-playground/issues/16,,,,signed in to change notification settings Fork 448 Star 266 Code Issues 1,0,baixa,8.0,médio,0.02,0.0,Descartar como conteúdo informativo ou falso positivo.,Não foram encontrados sinais suficientes de uma oportunidade executável.,rejected,0,,0,GitHub Sponsors,1,0,2026-07-18T18:46:02.970226+00:00,github:xevrion-v2/agent-playground#16,xevrion-v2,agent-playground,16,https://github.com/xevrion-v2/agent-playground/issues/16
140,"test(entitlement): cover the untested seams — grant clause, /auth/entitlements, Stripe downgrade, access-code deactivation, www/admin CTA",grant,GitHub Grant Issues,https://github.com/kimtos-labs/kimtos-core/issues/467,,,,"signed in to change notification settings Fork 0 Star 0 Code Issues 34 Pull requests 1 Actions Projects Security and quality 0 Insights Additional navigation options Code Issues Pull requests Actions Projects Security and quality Insights test(entitlement): cover the untested seams — grant clause, /",0,baixa,8.0,médio,0.02,0.0,Descartar como conteúdo informativo ou falso positivo.,Não foram encontrados sinais suficientes de uma oportunidade executável.,rejected,0,,0,"Stripe, GitHub Sponsors",1,0,2026-07-18T18:46:05.104852+00:00,github:kimtos-labs/kimtos-core#467,kimtos-labs,kimtos-core,467,https://github.com/kimtos-labs/kimtos-core/issues/467
13,Compare Local & Gist Settings | Show & upload only changes,open_source_bounty,GitHub Bounty Issues,https://github.com/shanalikhan/code-settings-sync/issues/508,,,,signed in to change notification settings Fork 418 Star 4,0,baixa,8.0,médio,0.02,0.0,Descartar como conteúdo informativo ou falso positivo.,Não foram encontrados sinais suficientes de uma oportunidade executável.,rejected,0,,0,GitHub Sponsors,1,0,2026-07-18T18:46:33.584866+00:00,github:shanalikhan/code-settings-sync#508,shanalikhan,code-settings-sync,508,https://github.com/shanalikhan/code-settings-sync/issues/508
180,langchain_community-0.0.26-py3-none-any.whl: 6 vulnerabilities (highest severity is: 8.4) reachable,ai_bounty,AI Agent Bounties,https://github.com/snowdensb/AutoPrompt_old/issues/67,,,,signed in to change notification settings Fork 1 Star 0 Code Issues 38 Pull requests 9 Actions Projects Security and quality 0 Insights Additional navigation options Code Issues Pull requests Actions Projects Security and quality Insights langchain_community-0,0,baixa,8.0,médio,0.02,0.0,Descartar como conteúdo informativo ou falso positivo.,Não foram encontrados sinais suficientes de uma oportunidade executável.,rejected,0,,0,GitHub Sponsors,1,0,2026-07-18T18:46:35.383551+00:00,github:snowdensb/autoprompt_old#67,snowdensb,AutoPrompt_old,67,https://github.com/snowdensb/AutoPrompt_old/issues/67
181,langchain_community-0.0.26-py3-none-any.whl: 6 vulnerabilities (highest severity is: 8.4) reachable,ai_bounty,AI Agent Bounties,https://github.com/Yuliya65/AutoPrompt/issues/23,,,,signed in to change notification settings Fork 0 Star 0 Code Issues 35 Pull requests 4 Actions Projects Security and quality 0 Insights Additional navigation options Code Issues Pull requests Actions Projects Security and quality Insights langchain_community-0,0,baixa,8.0,médio,0.02,0.0,Descartar como conteúdo informativo ou falso positivo.,Não foram encontrados sinais suficientes de uma oportunidade executável.,rejected,0,,0,GitHub Sponsors,1,0,2026-07-18T18:46:37.228228+00:00,github:yuliya65/autoprompt#23,Yuliya65,AutoPrompt,23,https://github.com/Yuliya65/AutoPrompt/issues/23
184,langchain_community-0.0.26-py3-none-any.whl: 6 vulnerabilities (highest severity is: 8.4) [main] (reachable),ai_bounty,AI Agent Bounties,https://github.com/blemaire-wavetel/AutoPrompt/issues/17,,,,signed in to change notification settings Fork 1 Star 0 Code Issues 38 Pull requests 1 Actions Projects Security and quality 0 Insights Additional navigation options Code Issues Pull requests Actions Projects Security and quality Insights langchain_community-0,0,baixa,8.0,médio,0.02,0.0,Descartar como conteúdo informativo ou falso positivo.,Não foram encontrados sinais suficientes de uma oportunidade executável.,rejected,0,,0,GitHub Sponsors,1,0,2026-07-18T18:46:39.565818+00:00,github:blemaire-wavetel/autoprompt#17,blemaire-wavetel,AutoPrompt,17,https://github.com/blemaire-wavetel/AutoPrompt/issues/17
185,langchain_community-0.0.26-py3-none-any.whl: 6 vulnerabilities (highest severity is: 8.4) [main] (reachable),ai_bounty,AI Agent Bounties,https://github.com/Emmanuel-Evenzur/syetem_prompt/issues/37,,,,signed in to change notification settings Fork 1 Star 0 Code Issues 40 Pull requests 12 Actions Projects Security and quality 0 Insights Additional navigation options Code Issues Pull requests Actions Projects Security and quality Insights langchain_community-0,0,baixa,8.0,médio,0.02,0.0,Descartar como conteúdo informativo ou falso positivo.,Não foram encontrados sinais suficientes de uma oportunidade executável.,rejected,0,,0,GitHub Sponsors,1,0,2026-07-18T18:46:41.305514+00:00,github:emmanuel-evenzur/syetem_prompt#37,Emmanuel-Evenzur,syetem_prompt,37,https://github.com/Emmanuel-Evenzur/syetem_prompt/issues/37
190,langchain_community-0.0.26-py3-none-any.whl: 6 vulnerabilities (highest severity is: 8.4) reachable,ai_bounty,AI Agent Bounties,https://github.com/Richg44/AutoPrompt/issues/43,,,,signed in to change notification settings Fork 0 Star 0 Code Issues 41 Pull requests 7 Actions Projects Security and quality 0 Insights Additional navigation options Code Issues Pull requests Actions Projects Security and quality Insights langchain_community-0,0,baixa,8.0,médio,0.02,0.0,Descartar como conteúdo informativo ou falso positivo.,Não foram encontrados sinais suficientes de uma oportunidade executável.,rejected,0,,0,GitHub Sponsors,1,0,2026-07-18T18:46:43.062206+00:00,github:richg44/autoprompt#43,Richg44,AutoPrompt,43,https://github.com/Richg44/AutoPrompt/issues/43
194,AirSoft Oasix VRX5182,ai_bounty,AI Agent Bounties,https://github.com/SwiftFiddle/swiftfiddle-web/issues/1272,,,,signed in to change notification settings Fork 20 Star 273 Code Issues 8 Pull requests 0 Discussions Actions Security and quality 0 Insights Additional navigation options Code Issues Pull requests Discussions Actions Security and quality Insights AirSoft Oasix VRX5182 #1272 New issue Copy link New i,0,alta,80.0,médio,0.02,0.0,Descartar como conteúdo informativo ou falso positivo.,Não foram encontrados sinais suficientes de uma oportunidade executável.,rejected,0,,0,GitHub Sponsors,1,0,2026-07-18T18:46:44.869891+00:00,github:swiftfiddle/swiftfiddle-web#1272,SwiftFiddle,swiftfiddle-web,1272,https://github.com/SwiftFiddle/swiftfiddle-web/issues/1272
197,MCP release due: 1.0.0,ai_bounty,AI Agent Bounties,https://github.com/joaovictor91123/gittensory/issues/2,,,,for issue PRs \(\#178\) - `da087f8` feat\(agent\): add recommendation confidence provenance \(\#226\) - `bcf14e9` feat: add contributor evidence graph \(\#218\) - `02058ad` Fix pending\-PR projection double\-counting merge\-ready PRs \(\#222\) - `5c0360f` fix\(mcp\): surface npm latest across ui \(\,0,baixa,8.0,médio,0.02,0.0,Descartar como conteúdo informativo ou falso positivo.,Não foram encontrados sinais suficientes de uma oportunidade executável.,rejected,1,eligibility for issue PRs \(\#178\) - `da087f8` feat\(agent\): add recommendation confidence provenance \(\#226\) - `bcf14e9` feat: add contributor evidence graph \(\#218\,0,GitHub Sponsors,1,0,2026-07-18T18:46:48.475259+00:00,github:joaovictor91123/gittensory#2,joaovictor91123,gittensory,2,https://github.com/joaovictor91123/gittensory/issues/2
224,[moltbook] engagement-ledger,ai_integration,MCP Paid Opportunities,https://github.com/tobyrowland/alphamolt_agentic_portfolios/issues/1986,,,,signed in to change notification settings Fork 1 Star 1 Code Issues 41 Pull requests 3 Discussions Actions Projects Security and quality 0 Insights Additional navigation options Code Issues Pull requests Discussions Actions Projects Security and quality Insights [moltbook] engagement-ledger #1986 Ne,0,baixa,8.0,médio,0.02,0.0,Descartar como conteúdo informativo ou falso positivo.,Não foram encontrados sinais suficientes de uma oportunidade executável.,rejected,0,,0,GitHub Sponsors,1,0,2026-07-18T19:45:30.258607+00:00,github:tobyrowland/alphamolt_agentic_portfolios#1986,tobyrowland,alphamolt_agentic_portfolios,1986,https://github.com/tobyrowland/alphamolt_agentic_portfolios/issues/1986
233,"Wrexham AFC and Firefox announce a multi-year, front-of-kit partnership",open_source,Mozilla Blog,https://blog.mozilla.org/en/firefox/wrexham-afc-firefox-partnership/,,,,,0,baixa,8.0,médio,0.02,0.0,Descartar como conteúdo informativo ou falso positivo.,Não foram encontrados sinais suficientes de uma oportunidade executável.,rejected,0,,0,,1,0,2026-07-18T19:45:31.977307+00:00,url:https://blog.mozilla.org/en/firefox/wrexham-afc-firefox-partnership,,,,https://blog.mozilla.org/en/firefox/wrexham-afc-firefox-partnership/
253,Engaging on Age Attestation Policy in Brazil,open_source,Open Source Initiative,https://opensource.org/blog/engaging-on-age-attestation-policy-in-brazil,,,,for Software Open Source AI Open Source AI OSAI Definition Process Timeline Open Weights FAQ Checklist Community Become an Individual Member Become an OSI Affiliate Affiliate Organizations Maintainers Events Forum OpenSource,0,média,30.0,médio,0.02,0.0,Descartar como conteúdo informativo ou falso positivo.,Não foram encontrados sinais suficientes de uma oportunidade executável.,rejected,0,,0,,1,0,2026-07-18T19:45:33.007126+00:00,url:https://opensource.org/blog/engaging-on-age-attestation-policy-in-brazil,,,,https://opensource.org/blog/engaging-on-age-attestation-policy-in-brazil
231,Over The Edge 2.0: what independent researchers found about browser choice on Windows,open_source,Mozilla Blog,https://blog.mozilla.org/en/mozilla/browser-choice-windows-report-over-the-edge-2/,,,,,0,média,30.0,médio,0.02,0.0,Descartar como conteúdo informativo ou falso positivo.,Não foram encontrados sinais suficientes de uma oportunidade executável.,rejected,1,,0,,1,0,2026-07-18T19:45:34.240910+00:00,url:https://blog.mozilla.org/en/mozilla/browser-choice-windows-report-over-the-edge-2,,,,https://blog.mozilla.org/en/mozilla/browser-choice-windows-report-over-the-edge-2/
232,Mozilla’s Inaugural ‘State of Open Source AI’ Report Is Here,open_source,Mozilla Blog,https://blog.mozilla.org/en/mozilla/mozilla-state-of-open-source-ai-report/,,,,,0,baixa,8.0,médio,0.02,0.0,Descartar como conteúdo informativo ou falso positivo.,Não foram encontrados sinais suficientes de uma oportunidade executável.,rejected,0,,0,,1,0,2026-07-18T19:45:35.428702+00:00,url:https://blog.mozilla.org/en/mozilla/mozilla-state-of-open-source-ai-report,,,,https://blog.mozilla.org/en/mozilla/mozilla-state-of-open-source-ai-report/
234,The web is evolving. So are we.,open_source,Mozilla Blog,https://blog.mozilla.org/en/mozilla/news/announcing-mozilla-org-new-non-profit/,,,,,0,baixa,8.0,médio,0.02,0.0,Descartar como conteúdo informativo ou falso positivo.,Não foram encontrados sinais suficientes de uma oportunidade executável.,rejected,0,,0,,1,0,2026-07-18T19:45:36.638490+00:00,url:https://blog.mozilla.org/en/mozilla/news/announcing-mozilla-org-new-non-profit,,,,https://blog.mozilla.org/en/mozilla/news/announcing-mozilla-org-new-non-profit/
